text,label,cypher_rag_answer,total_tokens
"Out of the given list, which Variant is associated with cutaneous lupus erythematosus and autoimmune hepatitis. Given list is: rs1937450, rs2187668,  rs6010620,  rs2231142,  rs10455872",rs2187668,"I'm sorry, but I don't have the information to answer which variant is associated with cutaneous lupus erythematosus and autoimmune hepatitis.",4267
"Out of the given list, which Variant is associated with cutaneous lupus erythematosus and collagenous colitis. Given list is:  rs4939827,  rs3197999,  rs3739821, rs2187668, rs1975197",rs2187668,"I'm sorry, but I don't have the information to determine which variant is associated with cutaneous lupus erythematosus and collagenous colitis.",4277
"Out of the given list, which Variant is associated with central nervous system cancer and lung adenocarcinoma. Given list is: rs7426056, rs2736100,  rs2187668,  rs2107595,  rs7405776",rs2736100,"I'm sorry, but I don't have the information to determine which variant is associated with central nervous system cancer and lung adenocarcinoma.",4240
"Out of the given list, which Variant is associated with thoracic aortic aneurysm and abdominal aortic aneurysm. Given list is: rs1642764, rs595244,  rs139606545,  rs12077210,  rs12917707",rs595244,"I'm sorry, but I don't have the information to determine which variant is associated with thoracic aortic aneurysm and abdominal aortic aneurysm.",4275
"Out of the given list, which Variant is associated with Crohn's disease and ankylosing spondylitis. Given list is:  rs8077245,  rs11712066, rs11209026,  rs10830962, rs6010620",rs11209026,"I'm sorry, but I don't have the information to determine which variant is associated with Crohn's disease and ankylosing spondylitis.",4242
"Out of the given list, which Variant is associated with Crohn's disease and sclerosing cholangitis. Given list is:  rs1047891,  rs9268905, rs3197999,  rs1025128, rs4624820",rs3197999,"I'm sorry, but I don't have the information to determine which variant is associated with Crohn's disease and sclerosing cholangitis.",4242
"Out of the given list, which Variant is associated with lung adenocarcinoma and central nervous system cancer. Given list is:  rs10490924,  rs10830962, rs2736100, rs2391769,  rs9272143",rs2736100,"I'm sorry, but I don't have the information to determine which variant is associated with lung adenocarcinoma and central nervous system cancer.",4253
"Out of the given list, which Variant is associated with gastric fundus cancer and duodenal ulcer. Given list is:  rs11759064, rs975730,  rs1150757, rs2294008,  rs7453920",rs2294008,"I'm sorry, but I don't have the information to determine which variant is associated with gastric fundus cancer and duodenal ulcer.",4231
"Out of the given list, which Variant is associated with gastric fundus cancer and atrophic gastritis. Given list is: rs2294008,  rs2072499,  rs3197999, rs1537377,  rs988958",rs2294008,"I'm sorry, but I don't have the information to answer which variant is associated with gastric fundus cancer and atrophic gastritis.",4243
"Out of the given list, which Variant is associated with keratinocyte carcinoma""@e and skin sensitivity to sun. Given list is:  rs254020,  rs4625, rs6059655, rs11738191,  rs2963222",rs6059655,"I'm sorry, but I don't have the information to determine which variant is associated with keratinocyte carcinoma and skin sensitivity to sun.",4229
"Out of the given list, which Variant is associated with keratinocyte carcinoma""@e and anti-neutrophil antibody associated vasculitis. Given list is: rs6679677,  rs12187903, rs1333047,  rs11585651,  rs55730499",rs6679677,"I'm sorry, but I don't have the information to determine which variant is associated with keratinocyte carcinoma and anti-neutrophil antibody associated vasculitis.",4264
"Out of the given list, which Variant is associated with keratinocyte carcinoma""@e and autoimmune disease. Given list is: rs7936312,  rs325485,  rs13191786, rs72928038,  rs7523907",rs72928038,"I'm sorry, but I don't have the information to determine which variant is associated with keratinocyte carcinoma and autoimmune disease.",4225
"Out of the given list, which Variant is associated with keratinocyte carcinoma""@e and age-related hearing impairment. Given list is: rs1950829,  rs13263709, rs1126809,  rs34871267,  rs2431108",rs1126809,"I'm sorry, but I don't have the information to determine which variant is associated with keratinocyte carcinoma and age-related hearing impairment.",4236
"Out of the given list, which Variant is associated with aortic stenosis and large artery stroke. Given list is:  rs34243448, rs1893592,  rs1765871,  rs229541, rs10455872",rs10455872,"I'm sorry, but I don't have the information to determine which variant is associated with aortic stenosis and large artery stroke.",4229
"Out of the given list, which Variant is associated with skin sensitivity to sun and keratinocyte carcinoma""@e. Given list is:  rs1042704, rs6059655,  rs34396849, rs10052804,  rs11747125",rs6059655,"I'm sorry, but I don't have the information to answer which variant is associated with skin sensitivity to sun and keratinocyte carcinoma.",4235
"Out of the given list, which Variant is associated with skin sensitivity to sun and age-related hearing impairment. Given list is:  rs61815704, rs4149909,  rs36001488,  rs1333047, rs1126809",rs1126809,"I'm sorry, but I don't have the information to answer that question.",4218
"Out of the given list, which Variant is associated with anti-neutrophil antibody associated vasculitis and keratinocyte carcinoma""@e. Given list is: rs2812378,  rs17145188,  rs12931267, rs6679677,  rs12413409",rs6679677,"I'm sorry, but I don't have the information to determine which variant is associated with anti-neutrophil antibody associated vasculitis and keratinocyte carcinoma.",4268
"Out of the given list, which Variant is associated with anti-neutrophil antibody associated vasculitis and autoimmune disease. Given list is:  rs17293632,  rs2487928, rs429358,  rs6679677, rs6679677",rs6679677,"I'm sorry, but I don't have the information to determine which variant is associated with anti-neutrophil antibody associated vasculitis and autoimmune disease.",4274
"Out of the given list, which Variant is associated with autoimmune disease and keratinocyte carcinoma""@e. Given list is:  rs259919, rs10455872,  rs11958220, rs72928038,  rs141343442",rs72928038,"I'm sorry, but I don't have the information to determine which variant is associated with autoimmune disease and keratinocyte carcinoma.",4227
"Out of the given list, which Variant is associated with autoimmune disease and anti-neutrophil antibody associated vasculitis. Given list is: rs2310752,  rs7528604, rs6679677,  rs34691223,  rs2963222",rs6679677,"I'm sorry, but I don't have the information to determine which variant is associated with autoimmune disease and anti-neutrophil antibody associated vasculitis.",4249
"Out of the given list, which Variant is associated with autoimmune disease and atopic asthma. Given list is: rs62324212,  rs10059133,  rs149943,  rs12931267, rs17156671",rs62324212,"I'm sorry, but I don't have the information to determine which variant is associated with autoimmune disease and atopic asthma.",4219
"Out of the given list, which Variant is associated with large artery stroke and aortic stenosis. Given list is: rs10455872,  rs35781323,  rs4615152, rs761934676,  rs11965538",rs10455872,"I'm sorry, but I don't have the information to determine which variant is associated with large artery stroke and aortic stenosis.",4232
"Out of the given list, which Variant is associated with age-related hearing impairment and keratinocyte carcinoma""@e. Given list is:  rs259919, rs2503199,  rs325485, rs1126809,  rs229541",rs1126809,"I'm sorry, but I don't have the information to answer that question.",4215
"Out of the given list, which Variant is associated with age-related hearing impairment and skin sensitivity to sun. Given list is: rs1126809,  rs416223, rs12722502,  rs9419958,  rs1333049",rs1126809,"I'm sorry, but I don't have the information to determine which variant is associated with age-related hearing impairment and skin sensitivity to the sun.",4229
"Out of the given list, which Variant is associated with atopic asthma and autoimmune disease. Given list is: rs2447827,  rs1937455, rs62324212,  rs12205199,  rs4482879",rs62324212,"I'm sorry, but I don't have the information to determine which variant is associated with atopic asthma and autoimmune disease.",4221
