disease,compound_groundTruth,disease_groundTruth,text,llm_answer,context_volume
Alagille syndrome,"['Odevixibat', 'Maralixibat']","['optic disk drusen', 'intrahepatic cholestasis', 'Moyamoya disease', 'Williams-Beuren syndrome', 'pulmonary valve stenosis', 'xanthomatosis']",What compounds treat 'Alagille syndrome' and what diseases resemble 'Alagille syndrome'?,"{""Compounds"":[""Maralixibat"", ""Odevixibat""], ""Diseases"":[""liver disease""]}",100
Bardet-Biedl syndrome,['Setmelanotide'],"['retinitis pigmentosa-deafness syndrome', 'situs inversus', 'Usher syndrome', 'Laurence-Moon syndrome', 'hypothalamic disease', 'Froelich syndrome', 'fundus dystrophy', 'Alstrom syndrome', 'retinal degeneration', 'primary ciliary dyskinesia', 'autosomal dominant polycystic kidney disease', 'Usher syndrome type 3', 'atrioventricular septal defect', 'polydactyly', 'Usher syndrome type 2', 'retinitis pigmentosa', 'Leber congenital amaurosis']",What compounds treat 'Bardet-Biedl syndrome' and what diseases resemble 'Bardet-Biedl syndrome'?,"{""Compounds"":[""Setmelanotide""], ""Diseases"":[""polydactyly"", ""situs inversus"", ""Froelich syndrome""]}",100
Ehlers-Danlos syndrome,"['Celiprolol', 'Irbesartan', 'Enzastaurin']","['Loeys-Dietz syndrome', 'mitral valve prolapse', 'osteogenesis imperfecta', 'sigmoid disease', 'Menkes disease', 'pseudoxanthoma elasticum', 'Marfan syndrome', 'intestinal perforation', 'angioid streaks', 'aortic aneurysm', 'connective tissue disease', 'coronary aneurysm', 'cutis laxa', 'collagen disease', 'osteogenesis imperfecta type 1', 'postural orthostatic tachycardia syndrome', 'periventricular nodular heterotopia', 'dental pulp calcification', 'progeria']",What compounds treat 'Ehlers-Danlos syndrome' and what diseases resemble 'Ehlers-Danlos syndrome'?,"{""Compounds"":[""Celiprolol"", ""Irbesartan"", ""Enzastaurin""], ""Diseases"":[""connective tissue disease"", ""Marfan syndrome"", ""collagen disease"", ""progeria"", ""sigmoid disease"", ""Menkes disease"", ""pseudoxanthoma elasticum"", ""cutis laxa""]}",100
Ewing sarcoma,"['Treosulfan', 'Busulfan', 'Medphalan', 'Melphalan', 'Vincristine', 'Etoposide', 'Modafinil', 'Ifosfamide', 'Zoledronic acid', 'Dactinomycin']","['cerebral primitive neuroectodermal tumor', 'embryonal cancer', 'medulloepithelioma', 'retroperitoneal cancer', 'germ cell and embryonal cancer', 'familial retinoblastoma', 'peripheral nervous system neoplasm', 'orbital cancer', 'paranasal sinus benign neoplasm', 'nephroblastoma', 'skull cancer', 'mandibular cancer', 'benign giant cell tumor', 'retinal cancer', 'femoral cancer', 'paranasal sinus cancer', 'cranial nerve malignant neoplasm', 'small cell sarcoma', 'chondrosarcoma', 'muscle cancer', 'long bone adamantinoma', 'adamantinoma', 'synovial sarcoma', 'rhabdomyosarcoma', 'alveolar rhabdomyosarcoma', 'maxillary cancer', 'nervous system cancer', 'spinal cancer', 'thoracic cancer', 'jaw cancer', 'epidural spinal canal neoplasm', 'embryonal tumor with multilayered rosettes, C19MC-altered', 'maxillary sinus benign neoplasm', 'chordoma', 'neuroectodermal tumor', 'olfactory neuroblastoma', 'germ cell cancer', 'retinoblastoma', 'medulloblastoma']",What compounds treat 'Ewing sarcoma' and what diseases resemble 'Ewing sarcoma'?,"{""Compounds"":[""Busulfan"", ""Treosulfan"", ""Modafinil"", ""Vincristine"", ""Medphalan"", ""Zoledronic acid"", ""Melphalan"", ""Dactinomycin"", ""Ifosfamide"", ""Etoposide""], ""Diseases"":[""synovial sarcoma"", ""thoracic cancer"", ""medulloepithelioma"", ""femoral cancer"", ""embryonal cancer"", ""orbital cancer"", ""chondrosarcoma"", ""muscle cancer"", ""spinal cancer"", ""maxillary cancer""]}",100
Fabry disease,"['AGALSIDASE BETA', 'Migalastat', 'AGALSIDASE ALFA', 'Lucerastat', 'Venglustat']","['familial hypertrophic cardiomyopathy', 'anhidrosis', 'lipid storage disease', 'angiokeratoma', 'glycogen storage disease II', 'lysosomal storage disease', 'erythromelalgia', 'fucosidosis', 'hypohidrosis', 'beta-mannosidosis', 'priapism', 'cerebral amyloid angiopathy', 'proteinuria', 'restrictive cardiomyopathy', 'lipid metabolism disorder', 'mucopolysaccharidosis I', 'GM1 gangliosidosis', ""Gaucher's disease"", 'mucopolysaccharidosis Ih/s', 'MELAS syndrome', 'mucopolysaccharidosis Ih']",What compounds treat 'Fabry disease' and what diseases resemble 'Fabry disease'?,"{""Compounds"":[""Lucerastat"", ""Migalastat"", ""AGALSIDASE BETA"", ""AGALSIDASE ALFA""], ""Diseases"":[""fucosidosis"", ""lipid metabolism disorder"", ""Gaucher's disease"", ""erythromelalgia"", ""lipid storage disease"", ""restrictive cardiomyopathy"", ""lysosomal storage disease"", ""priapism"", ""glycogen storage disease II"", ""angiokeratoma"", ""beta-mannosidosis"", ""proteinuria"", ""cerebral amyloid angiopathy"", ""MELAS syndrome"", ""GM1 gangliosidosis""]}",100
GM2 gangliosidosis,['Miglustat'],"['lateral sclerosis', 'gangliosidosis', 'motor neuron disease', 'GM1 gangliosidosis', 'anterior horn cell disease', 'Tay-Sachs disease']",What compounds treat 'GM2 gangliosidosis' and what diseases resemble 'GM2 gangliosidosis'?,"{""Compounds"":[""Miglustat""], ""Diseases"":[""GM1 gangliosidosis"", ""gangliosidosis""]}",100
Gaucher's disease,"['Eliglustat', 'IMIGLUCERASE', 'Miglustat', 'TALIGLUCERASE ALFA', 'VELAGLUCERASE ALFA', 'Venglustat']","['Niemann-Pick disease', 'lipid storage disease', 'aspartylglucosaminuria', 'Alpers-Huttenlocher syndrome', 'glycogen storage disease II', 'lysosomal storage disease', 'early myoclonic encephalopathy', 'Fabry disease', 'Balo concentric sclerosis', 'osteonecrosis', 'sphingolipidosis', 'bone marrow disease', 'metachromatic leukodystrophy', 'apraxia', 'progressive myoclonus epilepsy', 'hypersplenism', 'Tay-Sachs disease', 'dentatorubral-pallidoluysian atrophy', 'plasma cell neoplasm', 'mucopolysaccharidosis I', 'Krabbe disease', 'GM1 gangliosidosis', 'mucopolysaccharidosis Ih/s', 'progressive myoclonus epilepsy 4', 'splenic disease', 'mucopolysaccharidosis Ih']",What compounds treat 'Gaucher's disease' and what diseases resemble 'Gaucher's disease'?,"{""Compounds"":[""Voglibose"", ""Eliglustat"", ""Miglustat"", ""IMIGLUCERASE"", ""VELAGLUCERASE ALFA"", ""TALIGLUCERASE ALFA""], ""Diseases"":[""splenic disease"", ""hypersplenism"", ""bone marrow disease"", ""lipid storage disease"", ""Tay-Sachs disease"", ""lysosomal storage disease"", ""glycogen storage disease II"", ""sphingolipidosis"", ""plasma cell neoplasm"", ""GM1 gangliosidosis"", ""Niemann-Pick disease"", ""Krabbe disease""]}",100
Hirschsprung's disease,"['4-[(2Z)-2-[(2E,4E,6Z)-7-[1,1-dimethyl-3-(4-sulfobutyl)benzo[e]indol-3-ium-2-yl]hepta-2,4,6-trienylidene]-1,1-dimethylbenzo[e]indol-3-yl]butane-1-sulfonic acid']","['intestinal atresia', 'Clostridium difficile colitis', 'intestinal volvulus', 'multiple endocrine neoplasia', 'osteochondrodysplasia', 'multiple epiphyseal dysplasia', 'anorectal stricture', 'paralytic ileus', 'central sleep apnea', 'sigmoid disease', 'short bowel syndrome', 'piebaldism', 'intestinal perforation', ""Waardenburg's syndrome"", 'toxic megacolon', 'multiple endocrine neoplasia type 2A', 'intestinal pseudo-obstruction', 'Melnick-Needles syndrome', 'megacolon', 'multiple endocrine neoplasia type 2B', 'ileus', 'imperforate anus', 'Waardenburg syndrome type 1', 'microcephaly', 'gastroschisis']",What compounds treat 'Hirschsprung's disease' and what diseases resemble 'Hirschsprung's disease'?,"{""Compounds"":[""4-[(2Z)-2-[(2E,4E,6Z)-7-[1,1-dimethyl-3-(4-sulfobutyl)benzo[e]indol-3-ium-2-yl]hepta-2,4,6-trienylidene]-1,1-dimethylbenzo[e]indol-3-yl]butane-1-sulfonic acid""], ""Diseases"":[""megacolon"", ""toxic megacolon"", ""gastroschisis"", ""piebaldism"", ""Waardenburg's syndrome"", ""sigmoid disease"", ""anorectal stricture"", ""ileus"", ""imperforate anus"", ""multiple epiphyseal dysplasia"", ""microcephaly"", ""short bowel syndrome"", ""multiple endocrine neoplasia"", ""osteochondrodysplasia"", ""intestinal perforation"", ""paralytic ileus""]}",100
Kawasaki disease,"['Aspirin', 'GLOBULIN, IMMUNE', 'Prednisolone', 'ANAKINRA', 'POLYETHYLENE GLYCOL', 'INFLIXIMAB']","['pharyngoconjunctival fever', 'aseptic meningitis', 'erythema infectiosum', 'coronary thrombosis', 'exanthem', 'lymphadenitis', 'Henoch-Schoenlein purpura', 'pyuria', 'coronary aneurysm', 'polyarteritis nodosa', 'gallbladder disease']",What compounds treat 'Kawasaki disease' and what diseases resemble 'Kawasaki disease'?,"{""Compounds"":[""ANAKINRA"", ""Prednisolone"", ""INFLIXIMAB"", ""Aspirin"", ""cyclosporin A"", ""GLOBULIN, IMMUNE"", ""POLYETHYLENE GLYCOL""], ""Diseases"":[""pyuria"", ""exanthem"", ""erythema infectiosum"", ""lymphadenitis"", ""polyarteritis nodosa"", ""pharyngoconjunctival fever"", ""coronary aneurysm""]}",100
Klinefelter syndrome,"['Testosterone', 'Dehydroepiandrosterone', 'Testosterone undecanoate']","['male breast cancer', 'familial male-limited precocious puberty', 'Edwards syndrome', 'embryonal cancer', 'Sertoli cell-only syndrome', 'germ cell and embryonal cancer', 'central precocious puberty', 'hypopituitarism', '46,XY sex reversal', 'Kallmann syndrome', '46 XX gonadal dysgenesis', 'Sheehan syndrome', 'gonadal dysgenesis', 'gynecomastia', 'azoospermia', 'Prader-Willi syndrome', 'Turner syndrome', 'Leydig cell tumor', 'oligospermia', 'testicular disease', 'hypospadias', 'myotonic dystrophy type 1', 'fragile X syndrome', 'disorder of sexual development', 'hermaphroditism', 'Bloch-Sulzberger syndrome', 'pseudohermaphroditism', 'infant gynecomastia', 'eunuchism', 'germinoma', 'germ cell cancer', 'cryptorchidism']",What compounds treat 'Klinefelter syndrome' and what diseases resemble 'Klinefelter syndrome'?,"{""Compounds"":[""Testosterone"", ""Dehydroepiandrosterone"", ""Testosterone undecanoate""], ""Diseases"":[""hypogonadism"", ""Kallmann syndrome"", ""pseudohermaphroditism"", ""testicular disease"", ""germ cell and embryonal cancer"", ""hypopituitarism"", ""disorder of sexual development"", ""hermaphroditism"", ""embryonal cancer"", ""germinoma"", ""Turner syndrome""]}",100
Langerhans-cell histiocytosis,"['Vinblastine', 'Cytarabine', 'Vincristine', 'Mercaptopurine', 'Prednisone']","['lipid storage disease', 'Froelich syndrome', 'hypopituitarism', 'malignant histiocytic disease', 'epulis', 'gingival disease', 'Birt-Hogg-Dube syndrome', 'cutaneous fibrous histiocytoma', 'orbital disease', 'hypothalamic disease', 'skull cancer', 'interdigitating dendritic cell sarcoma', 'anus disease', 'exanthem', 'Sheehan syndrome', 'neurohypophyseal diabetes insipidus', 'vulvar disease', 'histiocytosis', 'primary sclerosing cholangitis', 'xanthomatosis', 'juvenile xanthogranuloma', 'fibrous histiocytoma', 'diabetes insipidus', 'hemophagocytic lymphohistiocytosis', 'hypothalamic neoplasm', 'reticulohistiocytic granuloma', 'nail disease', 'Langerhans cell sarcoma', 'histiocytic sarcoma', 'severe combined immunodeficiency', 'scalp dermatosis', 'eyelid disease', 'mastoiditis', 'Erdheim-Chester disease', 'MHC class II deficiency', 'sclerosing cholangitis', 'hairy cell leukemia', 'non-Langerhans-cell histiocytosis', 'lymphangioleiomyomatosis']",What compounds treat 'Langerhans-cell histiocytosis' and what diseases resemble 'Langerhans-cell histiocytosis'?,"{""Compounds"":[""Vincristine"", ""Prednisone"", ""Vinblastine"", ""Cytarabine"", ""Mercaptopurine""], ""Diseases"":[""non-Langerhans-cell histiocytosis"", ""histiocytosis"", ""eyelid disease"", ""xanthomatosis"", ""epulis"", ""Langerhans cell sarcoma"", ""anus disease"", ""lymphangioleiomyomatosis"", ""orbital disease"", ""lipid storage disease"", ""exanthem"", ""fibrous histiocytoma"", ""hairy cell leukemia"", ""Erdheim-Chester disease""]}",100
Leber congenital amaurosis,['VORETIGENE NEPARVOVEC'],"['coloboma', 'retinal degeneration', 'optic nerve disease', 'Bardet-Biedl syndrome', 'fundus dystrophy', 'Coats disease', 'red-green color blindness', 'night blindness', 'congenital nystagmus', 'Leber hereditary optic neuropathy', 'red color blindness', 'optic atrophy', 'achromatopsia', 'amelogenesis imperfecta', 'peroxisomal disease', 'retinitis pigmentosa', 'choroideremia', 'hypertrichosis', 'acquired color blindness', 'Foster-Kennedy syndrome', 'cystic kidney disease', 'blue color blindness', 'color blindness']",What compounds treat 'Leber congenital amaurosis' and what diseases resemble 'Leber congenital amaurosis'?,"{""Compounds"":[""VORETIGENE NEPARVOVEC""], ""Diseases"":[""peroxisomal disease"", ""Coats disease"", ""choroideremia"", ""Leber hereditary optic neuropathy"", ""hypertrichosis""]}",100
Lennox-Gastaut syndrome,"['Cannabidiol', 'Perampanel', 'Clobazam', 'Rufinamide', 'Lamotrigine', 'Topiramate', 'Soticlestat']","['West syndrome', 'Landau-Kleffner syndrome', 'status epilepticus', 'focal epilepsy', 'early myoclonic encephalopathy', 'idiopathic generalized epilepsy']",What compounds treat 'Lennox-Gastaut syndrome' and what diseases resemble 'Lennox-Gastaut syndrome'?,"{""Compounds"":[""Lamotrigine"", ""Cannabidiol"", ""Topiramate"", ""Perampanel"", ""Rufinamide"", ""Soticlestat"", ""Clobazam""], ""Diseases"":[""West syndrome"", ""Landau-Kleffner syndrome""]}",100
Lyme disease,"['Doxycycline', 'Sodium Chloride', 'Ceftriaxone', 'Permethrin']","['aseptic meningitis', 'polyneuropathy', 'encephalomyelitis', ""Bell's palsy"", 'louse-borne relapsing fever', 'meningoencephalitis', 'reactive arthritis', 'granulomatous angiitis', 'critical illness polyneuropathy', 'polyradiculoneuropathy', 'Rocky Mountain spotted fever', 'myelitis', 'bacterial meningitis', 'babesiosis', 'tick-borne encephalitis', 'Siberian tick typhus', 'radiculopathy', 'suppurative uveitis', 'cranial nerve palsy', 'facial paralysis', 'acrodermatitis', 'central nervous system vasculitis', 'geographic tongue', 'connective tissue disease', 'dirofilariasis', 'ehrlichiosis', 'neuritis', 'atrioventricular block', 'relapsing fever', 'rickettsialpox', 'spotted fever', 'localized scleroderma', 'scleroderma', 'cranial nerve disease', 'motor neuritis', 'tick infestation', 'septic arthritis']",What compounds treat 'Lyme disease' and what diseases resemble 'Lyme disease'?,"{""Compounds"":[""Cefuroxime"", ""Ceftriaxone"", ""Doxycycline"", ""Cefuroxime axetil"", ""Permethrin"", ""Sodium Chloride""], ""Diseases"":[""acrodermatitis"", ""connective tissue disease"", ""radiculopathy"", ""polyradiculoneuropathy"", ""bacterial meningitis"", ""reactive arthritis"", ""suppurative uveitis"", ""relapsing fever"", ""tick infestation"", ""babesiosis"", ""septic arthritis"", ""cranial nerve disease"", ""neuritis"", ""polyneuropathy"", ""aseptic meningitis"", ""central nervous system vasculitis"", ""myelitis""]}",100
Marfan syndrome,"['Nebivolol', 'Losartan', 'Atenolol', 'Perindopril', 'Aliskiren']","['coloboma', 'Loeys-Dietz syndrome', 'Ehlers-Danlos syndrome', 'Weill-Marchesani syndrome', 'bicuspid aortic valve disease', 'mitral valve prolapse', 'homocystinuria', 'intracranial hypotension', 'DiGeorge syndrome', 'osteogenesis imperfecta', 'lens subluxation', 'pseudoxanthoma elasticum', 'craniosynostosis', 'tricuspid valve prolapse', 'aortic aneurysm', 'connective tissue disease', 'velocardiofacial syndrome', 'coronary aneurysm', 'progeria', 'cutis laxa', 'mucopolysaccharidosis I', 'osteogenesis imperfecta type 1', 'isolated ectopia lentis', 'mucopolysaccharidosis Ih/s', 'blepharophimosis', 'meningocele', 'mucopolysaccharidosis Ih']",What compounds treat 'Marfan syndrome' and what diseases resemble 'Marfan syndrome'?,"{""Compounds"":[""Perindopril"", ""Aliskiren"", ""Atenolol"", ""Losartan"", ""Nebivolol""], ""Diseases"":[""connective tissue disease"", ""progeria"", ""homocystinuria"", ""craniosynostosis"", ""cutis laxa"", ""Loeys-Dietz syndrome"", ""pseudoxanthoma elasticum"", ""Weill-Marchesani syndrome"", ""coronary aneurysm""]}",100
Menkes disease,['Histidine'],"['cutis laxa', 'hair disease', 'Ehlers-Danlos syndrome', 'cytochrome-c oxidase deficiency disease', 'Wilson disease', 'bladder disease']",What compounds treat 'Menkes disease' and what diseases resemble 'Menkes disease'?,"{""Compounds"":[""Histidine""], ""Diseases"":[""cytochrome-c oxidase deficiency disease"", ""Wilson disease"", ""hair disease"", ""bladder disease"", ""cutis laxa""]}",100
Noonan syndrome,"['Simvastatin', 'SOMATROPIN']","['familial hypertrophic cardiomyopathy', 'coloboma', 'neurofibromatosis 1', 'giant cell reparative granuloma', 'Clouston syndrome', 'granular cell tumor', 'lymphangioma', 'cystic lymphangioma', 'Costello syndrome', 'juvenile myelomonocytic leukemia', 'factor XI deficiency', 'bone marrow cancer', 'craniosynostosis', 'hereditary lymphedema I', 'hemorrhagic disease', 'nodular tenosynovitis', 'cherubism', 'Noonan syndrome with multiple lentigines', 'isolated growth hormone deficiency', 'loose anagen hair syndrome', 'Turner syndrome', 'Moyamoya disease', 'ectodermal dysplasia', 'coronary aneurysm', 'lymphedema', 'neurofibromatosis', 'protein-losing enteropathy', 'tenosynovial giant cell tumor', 'atrioventricular septal defect', 'atrial heart septal defect', 'pulmonary valve stenosis', 'cryptorchidism', 'pigmented villonodular synovitis']",What compounds treat 'Noonan syndrome' and what diseases resemble 'Noonan syndrome'?,"{""Compounds"":[""Fluoxymesterone"", ""SOMATROPIN"", ""Simvastatin""], ""Diseases"":[""Turner syndrome"", ""lymphedema"", ""neurofibromatosis"", ""bone marrow cancer"", ""isolated growth hormone deficiency"", ""cherubism"", ""Clouston syndrome""]}",100
Parkinson's disease,"['Inosine', 'Sumanirole', 'Posiphen', 'Tyramine', 'Piribedil', 'Benztropine', 'Caffeine', 'Rifaximin', 'Rasagiline', 'Procyclidine', 'Donepezil', 'Amantadine', 'Profenamine', 'Trihexyphenidyl', 'Biperiden', 'Metixene', 'Cesamet', 'Rivastigmine', 'Pitolisant', 'Bromocriptine', 'Ropinirole', 'Selegiline', 'Lisuride', 'Buspirone', 'Pramipexole', 'Memantine', 'Preladenant', 'Oxycodone', 'Pergolide', 'Venlafaxine', 'Cabergoline', 'Tolcapone', 'Entacapone', 'Levodopa', 'Apomorphine', 'INCOBOTULINUMTOXINA', 'Benserazide', 'Atropine', 'Dopamine', 'Rivastigmine tartrate', 'Alpha-Tocopherol', 'Tavapadon', 'Ampreloxetine', 'Perampanel', 'Opicapone', 'Isradipine', 'Orphenadrine', 'Tozadenant', 'Coenzyme Q10', 'Rotigotine', 'Istradefylline', 'Pardoprunox', 'Duloxetine', 'Paroxetine', 'Carbidopa', 'Exenatide Synthetic', ""Levodopa-4'-monophosphate"", 'Naloxone', 'Creatine', 'Safinamide']","['neurodegenerative disease', 'essential tremor']",What compounds treat 'Parkinson's disease' and what diseases resemble 'Parkinson's disease'?,"{""Compounds"":[""Dopamine"", ""Tyramine"", ""Caffeine"", ""Rotigotine"", ""Levodopa"", ""Preladenant"", ""Lisuride"", ""Pitolisant"", ""Benztropine"", ""Biperiden"", ""Carbidopa"", ""Atropine"", ""Apomorphine"", ""Buspirone"", ""Sumanirole"", ""Inosine"", ""Ropinirole"", ""Rasagiline"", ""Orphenadrine"", ""Profenamine"", ""Rifaximin"", ""Posiphen"", ""Perampanel"", ""Memantine"", ""Oxycodone"", ""Bromocriptine"", ""Isradipine"", ""Paroxetine"", ""Donepezil"", ""Istradefylline"", ""Procyclidine"", ""Alpha-Tocopherol"", ""Levodopa-4'-monophosphate"", ""Venlafaxine"", ""Duloxetine"", ""Pergolide"", ""Metixene"", ""Opicapone"", ""Creatine"", ""Trihexyphenidyl"", ""Amantadine"", ""Pardoprunox"", ""Piribedil"", ""Cabergoline"", ""Exenatide Synthetic"", ""Benserazide"", ""Tozadenant"", ""Cesamet"", ""Tavapadon"", ""Ampreloxetine"", ""Rivastigmine"", ""Cycrimine"", ""Safinamide"", ""Entacapone"", ""Selegiline"", ""Pramipexole"", ""Naloxone"", ""Tolcapone"", ""INCOBOTULINUMTOXINA"", ""Rivastigmine tartrate"", ""Coenzyme Q10""], ""Diseases"":[""essential tremor"", ""neurodegenerative disease""]}",100
Sandhoff disease,['Miglustat'],"['glycoproteinosis', 'gangliosidosis', 'lateral sclerosis', 'motor neuron disease', 'Krabbe disease', 'GM1 gangliosidosis', 'mongolian spot', 'anterior horn cell disease', 'Tay-Sachs disease']",What compounds treat 'Sandhoff disease' and what diseases resemble 'Sandhoff disease'?,"{""Compounds"":[""Miglustat""], ""Diseases"":[""glycoproteinosis"", ""anterior horn cell disease"", ""mongolian spot"", ""Tay-Sachs disease"", ""Krabbe disease""]}",100
Sjogren-Larsson syndrome,['2-(3-Amino-6-chloroquinolin-2-yl)propan-2-ol'],"['autosomal recessive congenital ichthyosis', 'ichthyosis', 'mongolian spot']",What compounds treat 'Sjogren-Larsson syndrome' and what diseases resemble 'Sjogren-Larsson syndrome'?,"{""Compounds"":[""2-(3-Amino-6-chloroquinolin-2-yl)propan-2-ol""], ""Diseases"":[""ichthyosis""]}",100
Sly syndrome,['VESTRONIDASE ALFA'],"['mucopolysaccharidosis type IIIC', 'mucopolysaccharidosis VI', 'mucopolysaccharidosis type IIIB', 'mucopolysaccharidosis I', 'lysosomal storage disease', 'mucopolysaccharidosis Ih/s', 'mucopolysaccharidosis type IIID', 'mucopolysaccharidosis III', 'mucopolysaccharidosis type IIIA', 'mucopolysaccharidosis Ih']",What compounds treat 'Sly syndrome' and what diseases resemble 'Sly syndrome'?,"{""Compounds"":[""VESTRONIDASE ALFA""], ""Diseases"":[""lysosomal storage disease""]}",100
Smith-Magenis syndrome,['Tasimelteon'],"['Angelman syndrome', 'velocardiofacial syndrome', 'Williams-Beuren syndrome', 'Birt-Hogg-Dube syndrome', 'DiGeorge syndrome']",What compounds treat 'Smith-Magenis syndrome' and what diseases resemble 'Smith-Magenis syndrome'?,"{""Compounds"":[""Tasimelteon""], ""Diseases"":[""Williams-Beuren syndrome"", ""Angelman syndrome"", ""DiGeorge syndrome"", ""velocardiofacial syndrome""]}",100
Stargardt disease,"['1-(3-(4-(3,4-Difluoro-2-(trifluoromethyl)phenyl)piperidine-1-carbonyl)-1H,4H,5H,6H,7H-pyrazolo(3,4-C)pyridin-6-yl)ethan-1-one', 'Emixustat']","['choroid disease', 'fundus dystrophy', 'retinitis pigmentosa', 'scotoma']",What compounds treat 'Stargardt disease' and what diseases resemble 'Stargardt disease'?,"{""Compounds"":[""1-(3-(4-(3,4-Difluoro-2-(trifluoromethyl)phenyl)piperidine-1-carbonyl)-1H,4H,5H,6H,7H-pyrazolo(3,4-C)pyridin-6-yl)ethan-1-one""], ""Diseases"":[""choroid disease"", ""retinitis pigmentosa"", ""scotoma"", ""fundus dystrophy""]}",100
Turner syndrome,"['SOMATROPIN', 'Oxandrolone', 'Medroxyprogesterone acetate', 'Equilin sulfate', 'Estradiol', 'Ethinyl estradiol']","['familial male-limited precocious puberty', 'pilomatrixoma', 'hypogonadism', 'McCune Albright syndrome', 'central precocious puberty', 'hypopituitarism', 'pseudohypoparathyroidism', 'malignant hyperthermia', 'bicuspid aortic valve disease', '46,XY sex reversal', 'cystic lymphangioma', 'lymphangioma', '46 XX gonadal dysgenesis', 'primary ovarian insufficiency', 'gonadoblastoma', 'Sheehan syndrome', 'nail-patella syndrome', 'gonadal dysgenesis', 'telangiectasis', 'pterygium', 'pseudopseudohypoparathyroidism', 'Klinefelter syndrome', 'ovarian disease', 'isolated growth hormone deficiency', 'androgen insensitivity syndrome', 'Prader-Willi syndrome', 'dysgerminoma', 'complete androgen insensitivity syndrome', 'fragile X syndrome', 'disorder of sexual development', 'mixed gonadal dysgenesis', 'Klippel-Feil syndrome', 'Noonan syndrome', 'hermaphroditism', 'autoimmune thyroiditis', 'pseudohermaphroditism', 'eunuchism', 'amenorrhea']",What compounds treat 'Turner syndrome' and what diseases resemble 'Turner syndrome'?,"{""Compounds"":[""Equilin sulfate"", ""Oxandrolone"", ""SOMATROPIN"", ""Estradiol"", ""Medroxyprogesterone acetate"", ""Ethinyl estradiol""], ""Diseases"":[""androgen insensitivity syndrome"", ""pseudopseudohypoparathyroidism"", ""pseudohypoparathyroidism"", ""hypopituitarism"", ""pilomatrixoma"", ""dysgerminoma"", ""malignant hyperthermia"", ""isolated growth hormone deficiency"", ""autoimmune thyroiditis""]}",100
Wolff-Parkinson-White syndrome,"['Propranolol', 'Adenosine']","['familial hypertrophic cardiomyopathy', 'Lown-Ganong-Levine syndrome', 'rheumatic heart disease', 'Ebstein anomaly', 'dextrocardia', 'Danon disease', 'Brugada syndrome', 'mitral valve prolapse']",What compounds treat 'Wolff-Parkinson-White syndrome' and what diseases resemble 'Wolff-Parkinson-White syndrome'?,"{""Compounds"":[""Propranolol"", ""Adenosine""], ""Diseases"":[""dextrocardia"", ""heart conduction disease""]}",100
acute promyelocytic leukemia,"['Idarubicin', 'Tretinoin', 'Mitoxantrone', 'Indigo', 'Cytarabine', '2,4,6,8,9,10-Hexaoxa-1,3,5,7-tetraarsatricyclo[3.3.1.13,7]decane', 'Dexamethasone', 'Hydroxyurea', 'Methotrexate', 'Daunorubicin', 'Mercaptopurine']","['leukostasis', 'myeloid sarcoma', 'Sweet syndrome', 'central nervous system cancer', 'pseudotumor cerebri', 'disseminated intravascular coagulation', 'acute monocytic leukemia', 'acute myelomonocytic leukemia']",What compounds treat 'acute promyelocytic leukemia' and what diseases resemble 'acute promyelocytic leukemia'?,"{""Compounds"":[""Cytarabine"", ""Indigo"", ""Mitoxantrone"", ""Idarubicin"", ""Methotrexate"", ""2,4,6,8,9,10-Hexaoxa-1,3,5,7-tetraarsatricyclo[3.3.1.13,7]decane"", ""Dexamethasone"", ""Hydroxyurea"", ""Daunorubicin"", ""Tretinoin""], ""Diseases"":[""acute monocytic leukemia"", ""acute myelomonocytic leukemia"", ""leukostasis"", ""disseminated intravascular coagulation"", ""pseudotumor cerebri"", ""myeloid sarcoma""]}",100
adrenal gland disease,"['1-[4-[4-[[2-(2,4-Dichlorophenyl)-2-(imidazol-1-ylmethyl)-1,3-dioxolan-4-yl]methoxy]phenyl]piperazin-1-yl]ethanone', 'Trilostane', 'Osilodrostat']","['familial male-limited precocious puberty', 'histoplasmosis', 'kidney cortex necrosis', 'Froelich syndrome', ""Conn's syndrome"", 'hypopituitarism', 'central precocious puberty', 'Alpers-Huttenlocher syndrome', 'primary hyperaldosteronism', 'Balo concentric sclerosis', 'hypothalamic disease', 'Carney complex', 'Beckwith-Wiedemann syndrome', 'Sheehan syndrome', 'inherited metabolic disorder', 'xanthomatosis', 'adrenal cortex cancer', 'parathyroid gland disease', 'ovarian disease', 'American histoplasmosis', 'endocrine system disease', 'adrenal cortex disease', 'antiphospholipid syndrome', 'Waterhouse-Friderichsen syndrome', 'adrenal gland hyperfunction', ""Addison's disease"", 'male reproductive system disease', 'hypertrichosis', 'Wolman disease', 'disorder of sexual development', 'hermaphroditism', 'purpura fulminans', 'pseudohermaphroditism', 'hematocele of tunica vaginalis testis']",What compounds treat 'adrenal gland disease' and what diseases resemble 'adrenal gland disease'?,"{""Compounds"":[""Trilostane"", ""Osilodrostat"", ""1-[4-[4-[[2-(2,4-Dichlorophenyl)-2-(imidazol-1-ylmethyl)-1,3-dioxolan-4-yl]methoxy]phenyl]piperazin-1-yl]ethanone""], ""Diseases"":[""Wolman disease"", ""Addison's disease"", ""antiphospholipid syndrome"", ""Carney complex"", ""hypothalamic disease"", ""Waterhouse-Friderichsen syndrome"", ""ovarian disease"", ""parathyroid gland disease"", ""purpura fulminans"", ""xanthomatosis"", ""pseudohermaphroditism"", ""hypertrichosis""]}",100
agammaglobulinemia,"['GLOBULIN, IMMUNE']","['leukopenia', 'meningoencephalitis', 'blood protein disease', 'dysgammaglobulinemia', 'lymphopenia', 'Wiskott-Aldrich syndrome', 'campylobacteriosis', 'selective IgA deficiency disease', 'ataxia telangiectasia', 'tropical sprue', 'thymic carcinoma', 'chronic granulomatous disease', 'immunoglobulin alpha deficiency', 'pure red-cell aplasia', 'pyoderma', 'telangiectasis', 'giardiasis', 'X-linked hyper IgM syndrome', 'X-linked severe combined immunodeficiency', 'hyperglobulinemic purpura', 'vaccinia', 'ecthyma', 'severe combined immunodeficiency', 'polyarteritis nodosa', 'hypersplenism', 'protein-losing enteropathy', 'lymphoplasmacytic lymphoma', 'thymus cancer', 'collagen disease', 'pneumocystosis', 'agranulocytosis', 'autoimmune hemolytic anemia', 'MHC class II deficiency', 'pernicious anemia', 'thymoma', 'septic arthritis', 'selective IgG deficiency disease']",What compounds treat 'agammaglobulinemia' and what diseases resemble 'agammaglobulinemia'?,"{""Compounds"":[""GLOBULIN, IMMUNE""], ""Diseases"":[""blood protein disease"", ""leukopenia"", ""chronic granulomatous disease"", ""hyperglobulinemic purpura"", ""Wiskott-Aldrich syndrome"", ""collagen disease"", ""polyarteritis nodosa"", ""hypersplenism"", ""autoimmune hemolytic anemia"", ""severe combined immunodeficiency"", ""pyoderma"", ""MHC class II deficiency"", ""septic arthritis"", ""lymphopenia"", ""dysgammaglobulinemia"", ""vaccinia"", ""immunoglobulin alpha deficiency"", ""agranulocytosis"", ""tropical sprue"", ""thymoma"", ""bronchiectasis""]}",100
alopecia,"['Sodium Chloride', 'Dutasteride', 'Finasteride', 'Minoxidil']","['folliculitis', 'monilethrix', 'leukopenia', 'anhidrosis', 'hypotrichosis', 'hypogonadism', 'Vogt-Koyanagi-Harada disease', 'facial dermatosis', 'X-linked ichthyosis', 'hair disease', 'anodontia', 'tinea favosa', 'lichen planus', 'Clouston syndrome', 'X-linked dominant hypophosphatemic rickets', 'Netherton syndrome', 'hypohidrosis', 'neurodermatitis', 'seborrheic infantile dermatitis', 'tinea capitis', 'optic atrophy', 'keratosis follicularis', 'follicular mucinosis', 'ichthyosis', 'skin disease', 'hypomelanosis of Ito', 'mucinoses', 'nail disease', 'ectodermal dysplasia', 'scalp dermatosis', 'parapsoriasis', 'seborrheic dermatitis', 'localized scleroderma', 'alopecia areata', 'hypertrichosis', 'Hallermann-Streiff syndrome', 'keratosis', 'scleroderma', 'vitiligo', 'tooth agenesis', 'mycosis fungoides', 'hyperandrogenism']",What compounds treat 'alopecia' and what diseases resemble 'alopecia'?,"{""Compounds"":[""Finasteride"", ""Minoxidil"", ""Dutasteride"", ""Sodium Chloride""], ""Diseases"":[""alopecia areata"", ""scalp dermatosis"", ""hair disease"", ""follicular mucinosis"", ""seborrheic dermatitis"", ""hypotrichosis"", ""skin disease"", ""hypohidrosis"", ""hyperandrogenism"", ""keratosis"", ""monilethrix"", ""leukopenia"", ""anhidrosis"", ""mucinoses"", ""tinea favosa"", ""ichthyosis"", ""folliculitis"", ""hypogonadism"", ""parapsoriasis""]}",100
alopecia areata,"['Deuruxolitinib', 'Clobetasol Propionate', '2-Propen-1-one, 1-[(2S,5R)-2-methyl-5-(7H-pyrrolo[2,3-d]pyrimidin-4-ylamino)-1-piperidinyl]-', 'Hydrocortisone', 'Methotrexate', 'Baricitinib', 'GARLIC']","['seborrheic dermatitis', 'follicular mucinosis', 'folliculitis', 'alopecia', 'hidradenitis suppurativa', 'hypertrichosis', 'hypomelanosis of Ito', 'loose anagen hair syndrome', 'nail disease', 'neurodermatitis', 'hair disease', 'vitiligo', 'scalp dermatosis', 'lichen planus', 'tinea capitis', 'autoimmune polyendocrine syndrome']",What compounds treat 'alopecia areata' and what diseases resemble 'alopecia areata'?,"{""Compounds"":[""Hydrocortisone"", ""GARLIC"", ""Triamcinolone hexacetonide"", ""Clobetasol Propionate"", ""Triamcinolone diacetate"", ""Methotrexate"", ""2-Propen-1-one, 1-[(2S,5R)-2-methyl-5-(7H-pyrrolo[2,3-d]pyrimidin-4-ylamino)-1-piperidinyl]-"", ""Baricitinib"", ""Deuruxolitinib""], ""Diseases"":[""alopecia"", ""diffuse alopecia areata"", ""hair disease"", ""scalp dermatosis"", ""follicular mucinosis"", ""seborrheic dermatitis"", ""autoimmune disease""]}",100
alpha thalassemia,['Pkr-IN-1'],"['hemoglobinopathy', 'hypochromic anemia', 'hereditary elliptocytosis', 'hereditary spherocytosis', 'glucosephosphate dehydrogenase deficiency']",What compounds treat 'alpha thalassemia' and what diseases resemble 'alpha thalassemia'?,"{""Compounds"":[""Pkr-IN-1""], ""Diseases"":[""thalassemia"", ""beta thalassemia"", ""hemoglobinopathy"", ""hypochromic anemia"", ""glucosephosphate dehydrogenase deficiency"", ""hereditary elliptocytosis"", ""hereditary spherocytosis""]}",100
alpha-mannosidosis,['VELMANASE ALFA'],"['mucopolysaccharidosis', 'lysosomal storage disease', 'fundus dystrophy', 'fucosidosis']",What compounds treat 'alpha-mannosidosis' and what diseases resemble 'alpha-mannosidosis'?,"{""Compounds"":[""VELMANASE ALFA""], ""Diseases"":[]}",100
angioedema,"['Dexchlorpheniramine', 'Clemastine', 'OMALIZUMAB', 'Cortisone acetate', 'LANADELUMAB', 'HUMAN C1-ESTERASE INHIBITOR', 'Sodium Chloride', 'Icatibant', 'Carbinoxamine', 'Epinephrine']","['Melkersson-Rosenthal syndrome', 'orbital disease', 'tongue disease', 'fissured tongue', 'facial dermatosis', 'urticaria', 'lip disease', 'hereditary angioedema', 'loiasis', 'chronic urticaria', 'eyelid disease']",What compounds treat 'angioedema' and what diseases resemble 'angioedema'?,"{""Compounds"":[""Icatibant"", ""Prednisolone"", ""Methylprednisolone hemisuccinate"", ""Clemastine"", ""Methylprednisolone"", ""HUMAN C1-ESTERASE INHIBITOR"", ""Dexchlorpheniramine"", ""Epinephrine"", ""Hydrocortisone acetate"", ""Hydrocortisone"", ""LANADELUMAB"", ""Dexamethasone"", ""Carbinoxamine"", ""Dexamethasone phosphate"", ""Methdilazine"", ""Hydrocortisone hemisuccinate"", ""Triamcinolone Acetonide"", ""Prednisone"", ""Promazine"", ""Pecazine"", ""OMALIZUMAB"", ""Cortisone acetate""], ""Diseases"":[]}",100
atypical hemolytic-uremic syndrome,"['RAVULIZUMAB', 'CROVALIMAB', 'Iptacopan', 'ECULIZUMAB', 'NARSOPLIMAB']","['plasma cell neoplasm', 'HELLP syndrome', 'paroxysmal nocturnal hemoglobinuria', 'membranoproliferative glomerulonephritis', 'thrombotic thrombocytopenic purpura', 'IgA glomerulonephritis', 'hemoglobinuria', 'hemolytic-uremic syndrome', 'hemolytic anemia', 'malignant hypertension']",What compounds treat 'atypical hemolytic-uremic syndrome' and what diseases resemble 'atypical hemolytic-uremic syndrome'?,"{""Compounds"":[""CROVALIMAB"", ""Iptacopan"", ""RAVULIZUMAB"", ""NARSOPLIMAB"", ""ECULIZUMAB""], ""Diseases"":[""hemolytic-uremic syndrome"", ""hemolytic anemia"", ""hemoglobinuria"", ""thrombotic thrombocytopenic purpura"", ""malignant hypertension"", ""membranoproliferative glomerulonephritis"", ""HELLP syndrome"", ""paroxysmal nocturnal hemoglobinuria"", ""plasma cell neoplasm"", ""IgA glomerulonephritis""]}",100
azoospermia,"['Gabapentin', 'Letrozole', 'UROFOLLITROPIN', '2-[4-(2-chloro-1,2-diphenylethenyl)phenoxy]-N,N-diethylethanamine']","['Klinefelter syndrome', 'male reproductive system disease', 'primary ovarian insufficiency', 'Sertoli cell-only syndrome', 'adrenal rest tumor', 'hypogonadism', 'spermatocele', 'orchitis', 'varicocele', 'testicular disease', 'oligospermia', 'cryptorchidism', 'spermatogenic failure 6']",What compounds treat 'azoospermia' and what diseases resemble 'azoospermia'?,"{""Compounds"":[""Letrozole"", ""Gabapentin"", ""UROFOLLITROPIN"", ""2-[4-(2-chloro-1,2-diphenylethenyl)phenoxy]-N,N-diethylethanamine""], ""Diseases"":[""oligospermia"", ""hypogonadism"", ""orchitis"", ""testicular disease"", ""male reproductive system disease"", ""adrenal rest tumor"", ""Klinefelter syndrome""]}",100
bone marrow cancer,"['Hydroxyurea', 'Methotrexate', 'Etoposide', 'Ruxolitinib', 'Mitoxantrone', 'Tretinoin', 'Valspodar', 'Amphotericin B', 'Daunorubicin', 'Idarubicin', 'Thioguanine', 'Decitabine', 'Fludarabine phosphate', 'FILGRASTIM', 'Hydrocortisone', 'Cytarabine', 'Nystatin A1', 'LUSPATERCEPT', 'Anagrelide', 'ASPARAGINASE']","['myeloid sarcoma', 'erythromelalgia', 'myelophthisic anemia', 'aggressive systemic mastocytosis', 'immunodeficiency 21', 'atypical chronic myeloid leukemia, BCR-ABL1 negative', 'blood platelet disease', 'acute megakaryocytic leukemia', 'juvenile myelomonocytic leukemia', 'essential thrombocythemia', 'systemic mastocytosis', 'thrombocytosis', 'sideroblastic anemia', 'myelodysplastic/myeloproliferative neoplasm', 'polycythemia vera', 'indolent systemic mastocytosis', ""von Willebrand's disease"", 'bone marrow disease', 'Budd-Chiari syndrome', 'myelofibrosis', 'hypersensitivity reaction type IV disease', 'polycythemia', 'Noonan syndrome', 'osteosclerosis', 'splenic disease', 'mastocytosis']",What compounds treat 'bone marrow cancer' and what diseases resemble 'bone marrow cancer'?,"{""Compounds"":[""Amphotericin B"", ""Anagrelide"", ""Methotrexate"", ""Hydrocortisone"", ""Cytarabine"", ""Hydroxyurea"", ""Fludarabine phosphate"", ""Thioguanine"", ""Daunorubicin"", ""Mitoxantrone"", ""Decitabine"", ""FILGRASTIM"", ""Idarubicin"", ""Etoposide"", ""Valspodar"", ""Tretinoin""], ""Diseases"":[""bone marrow disease"", ""myelofibrosis"", ""polycythemia vera"", ""myelodysplastic/myeloproliferative neoplasm"", ""myeloid sarcoma"", ""polycythemia"", ""erythromelalgia"", ""sideroblastic anemia"", ""acute megakaryocytic leukemia""]}",100
brain cancer,"['Dianhydrogalactitol', 'Methotrexate', 'Magnesium Sulfate Heptahydrate', 'azane;dichloroplatinum', 'Tucatinib', 'Prednicarbate', 'Metformin', '2-Mercaptoethanesulfonic acid', 'Memantine', 'Tranexamic acid', 'Thioguanine', 'Dactinomycin', 'Thiotepa', 'Procarbazine', 'Motexafin', 'Modafinil', 'Methylprednisolone acetate', 'FILGRASTIM', 'Vincristine', 'Methylphenidate', 'Leucovorin']","['glioblastoma', 'mixed glioma', 'giant cell glioblastoma', 'high grade glioma']",What compounds treat 'brain cancer' and what diseases resemble 'brain cancer'?,"{""Compounds"":[""1,1-Cyclobutanedicarboxylic acid"", ""Modafinil"", ""Lomustine"", ""Metformin"", ""Methylphenidate"", ""azane;dichloroplatinum"", ""Prednicarbate"", ""Leucovorin"", ""Memantine"", ""Procarbazine"", ""Vincristine"", ""Methylprednisolone acetate"", ""Thioguanine"", ""Thiotepa"", ""Temozolomide"", ""Tucatinib"", ""FILGRASTIM"", ""Doxorubicin"", ""Methotrexate"", ""Etoposide"", ""Cyclophosphamide"", ""Dactinomycin"", ""Irinotecan"", ""BEVACIZUMAB"", ""PEMBROLIZUMAB"", ""Dianhydrogalactitol"", ""2-Mercaptoethanesulfonic acid"", ""Motexafin"", ""NIVOLUMAB"", ""Tranexamic acid"", ""Isotretinoin"", ""Magnesium Sulfate Heptahydrate""], ""Diseases"":[""glioblastoma"", ""high grade glioma"", ""mixed glioma"", ""giant cell glioblastoma"", ""supratentorial cancer"", ""brain disease"", ""brain glioma"", ""infratentorial cancer""]}",100
bronchial disease,"['Theobromine', 'Acebrophylline', 'Levodropropizine', 'SYRUP', 'Azithromycin']","['pleural disease', 'bronchiolitis', 'osteochondrodysplasia', 'multiple epiphyseal dysplasia', 'chondromalacia', 'bronchial benign neoplasm', 'allergic bronchopulmonary aspergillosis', 'middle lobe syndrome', 'lymph node tuberculosis', 'granulomatosis with polyangiitis', 'tuberculosis', 'bagassosis', 'relapsing polychondritis', 'rhinoscleroma', 'tracheitis', 'trachea leiomyoma', 'bronchitis', 'anthracosis', 'laryngeal disease', 'bronchopneumonia', 'tracheal stenosis', 'actinomycosis', 'bronchus carcinoma', 'bronchiectasis', 'geotrichosis', 'mucormycosis', 'lung abscess', 'Melnick-Needles syndrome', 'esophageal disease', 'tracheal disease', 'Cor pulmonale', 'pulmonary plasma cell granuloma', 'laryngeal tuberculosis', 'pneumoconiosis', 'cartilage disease', 'lingual-facial-buccal dyskinesia']",What compounds treat 'bronchial disease' and what diseases resemble 'bronchial disease'?,"{""Compounds"":[""SYRUP"", ""Theobromine"", ""Acebrophylline"", ""Levodropropizine""], ""Diseases"":[""bronchiolitis"", ""bronchitis"", ""bronchopneumonia"", ""bronchiectasis"", ""tracheal disease"", ""Cor pulmonale"", ""tracheitis"", ""pleural disease"", ""bagassosis"", ""cartilage disease"", ""bronchus carcinoma"", ""esophageal disease"", ""allergic bronchopulmonary aspergillosis"", ""chondromalacia"", ""laryngeal disease""]}",100
bronchiectasis,"['Ciprofloxacin', 'Carbocysteine', 'Sodium Chloride', 'BENRALIZUMAB', 'Roflumilast', 'Formoterol', 'Brensocatib', 'Beclomethasone dipropionate', 'Mannitol', 'colistimethate sodium', 'Azithromycin']","['Kartagener syndrome', 'bronchiolitis', 'Mycobacterium avium complex disease', 'agammaglobulinemia', 'tuberculous empyema', 'dysgammaglobulinemia', 'secondary hypertrophic osteoarthropathy', 'bronchial benign neoplasm', 'allergic bronchopulmonary aspergillosis', 'middle lobe syndrome', 'pleurisy', 'dextrocardia', 'telangiectasis', 'chronic mucocutaneous candidiasis', 'bronchitis', 'situs inversus', 'primary ciliary dyskinesia', 'common variable immunodeficiency', 'selective IgG deficiency disease', 'bronchopneumonia', 'bronchus carcinoma', 'oligospermia', 'alpha 1-antitrypsin deficiency', 'bronchiolitis obliterans', 'lung abscess', 'yellow nail syndrome', 'lipid pneumonia', 'tracheal disease', 'Cor pulmonale', 'bronchial disease', 'hyperlucent lung', 'nocardiosis', 'ataxia telangiectasia']",What compounds treat 'bronchiectasis' and what diseases resemble 'bronchiectasis'?,"{""Compounds"":[""Formoterol"", ""Brensocatib"", ""Bitolterol"", ""Epinephrine"", ""Acetylcysteine"", ""Cysteine"", ""Roflumilast"", ""Pirbuterol"", ""Norepinephrine"", ""Carbocysteine"", ""Beclomethasone dipropionate"", ""colistimethate sodium"", ""Binodrenal"", ""Adrenaline bitartrate"", ""Ciprofloxacin"", ""BENRALIZUMAB"", ""Mannitol"", ""Sodium Chloride""], ""Diseases"":[""bronchiolitis"", ""bronchial disease"", ""bronchiolitis obliterans"", ""bronchitis"", ""bronchopneumonia"", ""tracheal disease"", ""allergic bronchopulmonary aspergillosis"", ""bronchus carcinoma"", ""situs inversus"", ""dextrocardia"", ""lung abscess"", ""telangiectasis"", ""Cor pulmonale"", ""oligospermia"", ""bronchial benign neoplasm""]}",100
cancer,"['Atomoxetine', 'Doxorubicin', 'CETUXIMAB', 'Metoclopramide', 'Acetaminophen', 'TRASTUZUMAB', 'Bosutinib', 'Plerixafor', 'Tretinoin', 'OPORTUZUMAB MONATOX', 'Sunitinib', 'Methoxyflurane', 'Mitoguazone', 'Iniparib', 'Teniposide', 'Temsirolimus', '21H,23H-Porphine-7-propanoic acid, 13-acetyl-18-ethyl-7,8,17,18-tetrahydro-5-(2-methoxy-2-oxoethyl)-2,8,12,17-tetramethyl-3-[[(2-sulfoethyl)amino]carbonyl]-, (7S,8S,17R,18R)-', 'NIVOLUMAB', 'Melphalan', 'Pamiparib', 'AVELUMAB', 'DENILEUKIN DIFTITOX', 'Vinorelbine', 'INTERFERON ALFA-2B', 'Capmatinib', 'Vorinostat', 'Diethylstilbestrol', 'Dexamethasone', 'Lomustine', 'Melphalan flufenamide', 'Pralsetinib', 'Entrectinib', 'ASPARAGINASE', 'Gilteritinib', 'Tegafur', '(2S)-2-[[4-[(2-amino-4-oxo-8H-pteridin-6-yl)methylamino]benzoyl]amino]-5-[[(2S)-1-[[(2S)-5-carbamimidamido-1-[[(2S)-3-carboxy-1-[[(2S)-3-carboxy-1-[[(1R)-1-carboxy-2-[2-[[[(1R,9R,10S,11R,12R,19R)-12-ethyl-4-[(13S,15R,17S)-17-ethyl-17-hydroxy-13-methoxycarbonyl-1,11-diazatetracyclo[13.3.1.04,12.05,10]nonadeca-4(12),5,7,9-tetraen-13-yl]-10,11-dihydroxy-5-methoxy-8-methyl-8,16-diazapentacyclo[10.6.1.01,9.02,7.016,19]nonadeca-2,4,6,13-tetraene-10-carbonyl]amino]carbamoyloxy]ethyldisulfanyl]ethyl]amino]-1-oxopropan-2-yl]amino]-1-oxopropan-2-yl]amino]-1-oxopentan-2-yl]amino]-3-carboxy-1-oxopropan-2-yl]amino]-5-oxopentanoic acid', 'Gemcitabine', 'azane;dichloroplatinum', 'Clonidine', 'Aprepitant', 'Mitobronitol', 'Fulvestrant', 'Nilutamide', '2-[(Dimethylamino)methyl]-1-(3-methoxyphenyl)cyclohexanol', 'Imatinib', 'BERMEKIMAB', 'OLARATUMAB', 'MOLGRAMOSTIM', 'BCG VACCINE', 'Darolutamide', 'TRASTUZUMAB EMTANSINE', 'Selpercatinib', 'Bupivacaine', 'Palonosetron', 'Abemaciclib', 'Ribociclib', 'Raltitrexed', 'PEGASPARGASE', 'Everolimus', 'INOTUZUMAB OZOGAMICIN', 'Anagrelide', 'Regorafenib', 'Osimertinib', 'Ivabradine', 'Temozolomide', 'Daunorubicin', 'Bleomycin a2', 'Interferon gamma-1b', 'Leuprorelin', 'Gefitinib', 'Testosterone', 'Glutamine', 'Enalapril', 'Chlorambucil', 'Glasdegib', 'Escitalopram', 'Cobimetinib', 'Streptozotocin', 'Sevoflurane', 'Fluorouracil', 'Relugolix', '1,1-Cyclobutanedicarboxylic acid', 'Floxuridine', 'Hydrocortisone probutate', 'Oxycodone', 'Trabectedin', 'Technetium Tc-99M sulfur colloid', 'Dexamethasone phosphate', 'Testosterone undecanoate', 'Plitidepsin', 'Venetoclax', 'TISAGENLECLEUCEL', 'PANITUMUMAB', 'DOSTARLIMAB', 'Cytarabine', 'Fentanyl citrate', 'Binimetinib', 'Olaparib', 'Cabozantinib', 'Alitretinoin', 'Remifentanil', 'Fotemustine', 'Celecoxib', 'Vinflunine', 'MOXETUMOMAB PASUDOTOX', 'ISATUXIMAB', 'PEMBROLIZUMAB', 'Dolasetron', 'OFATUMUMAB', 'Melatonin', 'Ethinyl estradiol', 'Avapritinib', 'Fenretinide', 'Pacritinib', 'Cyclophosphamide', 'Eltrombopag', 'Thymopentin', 'Thiotepa', 'Abarelix', 'Rociletinib', 'Fludarabine phosphate', 'Ifosfamide', 'Etoposide phosphate', 'Ripretinib', 'Mifamurtide hydrate', 'Busulfan', 'Cefazolin', 'Amrubicin', 'Ramosetron', 'Pipobroman', 'BELANTAMAB MAFODOTIN', 'AFLIBERCEPT', ""3,3'-[8-Ethyl-13-(1-hydroxyethyl)-3,7,12,17-tetramethylporphyrin-2,18-diyl]dipropanoic acid"", 'Olanzapine', 'Fedratinib', 'Degarelix', 'Enasidenib', 'Triptorelin', 'Tucatinib', 'Abiraterone acetate', 'Enzalutamide', 'Ceritinib', 'Efaproxiral', 'Ixabepilone', 'RAMUCIRUMAB', 'Pexidartinib', '2,4,6,8,9,10-Hexaoxa-1,3,5,7-tetraarsatricyclo[3.3.1.13,7]decane', 'Dabrafenib', 'Anlotinib', '(2S,3S)-2-[(2S,4R,5R,6R)-4-[(2R,4R,5R,6R)-5-[(2R,4S,5R,6R)-4,5-dihydroxy-4,6-dimethyloxan-2-yl]oxy-4-hydroxy-6-methyloxan-2-yl]oxy-5-hydroxy-6-methyloxan-2-yl]oxy-3-[(1S,3S,4R)-3,4-dihydroxy-1-methoxy-2-oxopentyl]-6-[(2S,4R,5R,6R)-4-[(2R,4R,5S,6R)-4,5-dihydroxy-6-methyloxan-2-yl]oxy-5-hydroxy-6-methyloxan-2-yl]oxy-8,9-dihydroxy-7-methyl-3,4-dihydro-2H-anthracen-1-one', 'Methotrexate', 'PEGFILGRASTIM', 'Cesamet', 'ZINC hydrate', 'OPRELVEKIN', 'Vandetanib', 'DARATUMUMAB', 'INTERFERON ALFA', 'Decitabine', 'Tepotinib', 'mitomycin C', 'Cediranib', 'RITUXIMAB', 'Selinexor', 'RETIFANLIMAB', 'CEMIPLIMAB', 'Lenvatinib', 'BLINATUMOMAB', 'Octreotide', 'Azacitidine', 'TAFASITAMAB', 'Donepezil', 'Etoposide', 'ELOTUZUMAB', 'Propofol', 'Methadone', 'ALDESLEUKIN', 'TREMELIMUMAB', 'Entinostat', 'Clofarabine', 'TISLELIZUMAB', 'Pazopanib', 'EDRECOLOMAB', 'Adenosine', 'Pixantrone', 'Naloxone', 'Alectinib', 'Valrubicin', 'OBINUTUZUMAB', 'Dacomitinib', 'PERTUZUMAB', 'Bexarotene', 'IPILIMUMAB', 'Amsacrine', 'Zanubrutinib', 'PALIFERMIN', 'EFLAPEGRASTIM', 'Fentanyl', 'Tamoxifen', 'Pentostatin', 'NECITUMUMAB', 'Valacyclovir', 'TRASTUZUMAB DUOCARMAZINE', 'Rivaroxaban', 'INTERFERON ALFACON-1', 'Methyl aminolevulinate', 'POLYESTRADIOL PHOSPHATE', 'Nintedanib', 'GEMTUZUMAB OZOGAMICIN', 'Mthpc', 'Aminolevulinic acid', 'Ixazomib', 'Letrozole', 'Tapentadol', 'Fosaprepitant', 'TALIMOGENE LAHERPAREPVEC', 'Pirarubicin', 'Megestrol acetate', 'ROPEGINTERFERON ALFA-2B', 'BRENTUXIMAB VEDOTIN', 'Estramustine phosphate', 'Asciminib', 'Larotrectinib', 'TAGRAXOFUSP', 'DINUTUXIMAB', 'Goserelin', 'Omacetaxine mepesuccinate', 'Capecitabine', 'Paclitaxel', 'Lorlatinib', 'Anastrozole', 'Ridaforolimus', 'Treosulfan', 'Vismodegib', 'Vemurafenib', 'PEGINTERFERON ALFA-2A', 'EPOETIN BETA', 'Vinblastine', 'Masitinib', 'Apalutamide', 'Hydroxyurea', 'Fluconazole', 'Ketamine', 'Sorafenib', 'Interferon alfa-2a', 'Fosfestrol', 'Crizotinib', 'Itraconazolum [Latin]', 'Idarubicin', 'INTERFERON BETA-1A', 'TRASTUZUMAB DERUXTECAN', 'Altretamine', 'Trofosfamide', 'Tazemetostat', 'Formestane', 'Epacadostat', 'Futibatinib', 'Docetaxel', 'Abiraterone', 'ETHIODIZED OIL', 'Belinostat', 'AXICABTAGENE CILOLEUCEL', 'Ruxolitinib', 'Cabazitaxel', 'Masoprocol', 'Epirubicin', 'POLATUZUMAB VEDOTIN', 'Histamine', 'Lanreotide acetate', 'Nilotinib', 'DURVALUMAB', 'Romidepsin', 'ONARTUZUMAB', 'Histrelin', '(2R,3R,4S)-2-[(2R,3S,4R,5R,6S)-5-acetamido-6-[(1R,2R,3R,4R)-4-[(2R,3S,4R,5R,6R)-5-acetamido-6-[(4R,5R,6R)-2-carboxy-4,5-dihydroxy-6-[[(1R,3R,4R,5R)-3-hydroxy-4-(sulfoamino)-6,8-dioxabicyclo[3.2.1]octan-2-yl]oxy]oxan-3-yl]oxy-2-(hydroxymethyl)-4-methyloxan-3-yl]oxy-6-carboxy-2,3-dihydroxycyclohexyl]oxy-4-hydroxy-2-(sulfooxymethyl)oxan-3-yl]oxy-3,4-dihydroxy-3,4-dihydro-2H-pyran-6-carboxylic acid', 'CEPEGINTERFERON ALFA-2B', 'Duvelisib', 'Dehydroepiandrosterone', 'Hydromorphone', 'Amphotericin B', 'PEGINTERFERON ALFA-2B', 'o6-Benzylguanine', 'Tranexamic acid', 'Ponatinib', 'Thioguanine', 'ENFORTUMAB VEDOTIN', 'Pemigatinib', 'Nelarabine', 'Desacetylvinblastine amide', 'Bortezomib', 'Topotecan', 'Vincristine', 'Caspofungin', 'SARGRAMOSTIM', 'Ibrutinib', 'Sotorasib', 'Dexmedetomidine', 'Afatinib', 'Flutamide', 'Oxandrolone', 'Medroxyprogesterone acetate', 'Guanine', 'Apixaban', 'Ixazomib citrate', 'Lonidamine', 'Midostaurin', 'Bicalutamide', 'Mitoxantrone', 'LENOGRASTIM', 'Dronabinol', 'Pralatrexate', 'Trametinib', 'Dactinomycin', 'Trifluridine', 'Procarbazine', 'Fluoxymesterone', 'Acyclovir', 'Semustine', 'Quizartinib', 'Mechlorethamine', 'Ondansetron', 'Carfilzomib', 'Dacarbazine', 'INTERFERON BETA', 'Morphine', 'Cladribine', 'BEVACIZUMAB', 'Carmustine', 'Levobupivacaine', 'PEGINTERFERON BETA-1A', 'Aminoglutethimide', 'Erlotinib', 'Toremifene', 'ATEZOLIZUMAB', 'Belzutifan', 'Niraparib', 'Mercaptopurine', 'Sonidegib', 'Buserelin', 'Prednicarbate', 'Uracil mustard', 'Brigatinib', 'Voreloxin', 'Axitinib', 'AMIVANTAMAB', 'MOGAMULIZUMAB', 'Belotecan', 'DARBEPOETIN ALFA', 'Mycophenolate mofetil', 'Varenicline', 'Acalabrutinib', 'Encorafenib', 'Ranimustine', 'Exemestane', 'CATUMAXOMAB', 'Cyproheptadine', 'Testosterone cypionate', 'Idelalisib', 'Granisetronum', 'Tivozanib', 'Eribulin', 'Selumetinib', 'Icotinib', '3-Imino-3H-phenothiazin-7-amine', 'Veliparib', 'Estramustine', 'ALBINTERFERON ALFA-2B', 'Ivosidenib', 'Infigratinib', 'Alpelisib', 'Etoglucid', 'Lurbinectedin', 'Triphosphoric acid', 'Arginine', 'Dasatinib', 'Thalidomide', 'FILGRASTIM', 'Erdafitinib', 'SIPULEUCEL-T', 'Interferon beta-1b', 'Mitotane', 'TASONERMIN', 'Panobinostat']","['cardiovascular system disease', 'diabetes mellitus']",What compounds treat 'cancer' and what diseases resemble 'cancer'?,"{""Compounds"":[""Aprepitant"", ""Quizartinib"", ""Alpelisib"", ""Lenvatinib"", ""Ivosidenib"", ""Formestane"", ""Capmatinib"", ""Exemestane"", ""Ceritinib"", ""Flutamide"", ""Duvelisib"", ""Sunitinib"", ""Cediranib"", ""EDRECOLOMAB"", ""Iniparib"", ""Entrectinib"", ""Ripretinib"", ""Diethylstilbestrol"", ""Mitotane"", ""CETUXIMAB"", ""1,1-Cyclobutanedicarboxylic acid"", ""Acetaminophen"", ""Veliparib"", ""Pamiparib"", ""Carmustine"", ""Dronabinol"", ""Enzalutamide"", ""Fluorouracil"", ""Treosulfan"", ""Chlorambucil"", ""Tepotinib"", ""Floxuridine"", ""Carfilzomib"", ""Hydromorphone"", ""Lonidamine"", ""Melatonin"", ""Atomoxetine"", ""Morphine"", ""Asciminib"", ""Cobimetinib"", ""Ribociclib"", ""Itraconazolum [Latin]"", ""Plerixafor"", ""Fentanyl"", ""Sorafenib"", ""Letrozole"", ""LENOGRASTIM"", ""Mechlorethamine"", ""Celecoxib"", ""Oxandrolone"", ""Lomustine"", ""Fluoxymesterone"", ""o6-Benzylguanine"", ""AFLIBERCEPT"", ""Enasidenib"", ""Busulfan"", ""Encorafenib"", ""Masoprocol"", ""PALIFERMIN"", ""Teniposide"", ""Methoxyflurane"", ""Anlotinib"", ""DURVALUMAB"", ""Ridaforolimus"", ""Axitinib"", ""Anagrelide"", ""RITUXIMAB"", ""Donepezil"", ""Thiotepa"", ""Melphalan"", ""Brigatinib"", ""Hydroxyurea"", ""Plitidepsin"", ""Nilotinib"", ""Ramosetron"", ""AXICABTAGENE CILOLEUCEL"", ""Tucatinib"", ""Dasatinib"", ""Darolutamide"", ""Ondansetron"", ""Nelarabine"", ""Altretamine"", ""Lorlatinib"", ""Efaproxiral"", ""Nintedanib"", ""Crizotinib"", ""Vincristine"", ""Pirarubicin"", ""DARATUMUMAB"", ""Epirubicin"", ""azane;dichloroplatinum"", ""Fedratinib"", ""Cefazolin"", ""Icotinib"", ""Ponatinib"", ""Apixaban"", ""ALDESLEUKIN"", ""Ketamine"", ""Thioguanine"", ""Histamine""], ""Diseases"":[]}",100
cardiomyopathy,"['Azathioprine', 'BNP-32 (human)', 'Eplerenone', 'Amiodarone', 'Dexrazoxane', 'Prednisone', 'Enalapril']",['amyloidosis'],What compounds treat 'cardiomyopathy' and what diseases resemble 'cardiomyopathy'?,"{""Compounds"":[""Dexrazoxane"", ""Azathioprine"", ""Eplerenone"", ""Amiodarone"", ""Enalapril"", ""Tafamidis"", ""BNP-32 (human)"", ""Tafamidis meglumine"", ""Prednisone""], ""Diseases"":[""amyloidosis""]}",100
carpal tunnel syndrome,"['Gabapentin', 'Lidocaine', 'Betamethasone']","['polyneuropathy', 'median neuropathy', 'thoracic outlet syndrome', 'peripheral nervous system neoplasm', 'critical illness polyneuropathy', 'tarsal tunnel syndrome', 'epicondylitis', 'tendinitis', 'complex regional pain syndrome', 'nerve compression syndrome', 'radiculopathy', 'mucopolysaccharidosis II', 'mucopolysaccharidosis', 'pyridoxine deficiency anemia', 'ulnar neuropathy', 'chondrocalcinosis', 'glycoproteinosis', 'reflex sympathetic dystrophy', 'tenosynovitis', 'mucopolysaccharidosis I', 'De Quervain disease', 'motor peripheral neuropathy', 'Raynaud disease', 'mucopolysaccharidosis Ih/s', 'radial neuropathy', 'gout', 'mucopolysaccharidosis Ih']",What compounds treat 'carpal tunnel syndrome' and what diseases resemble 'carpal tunnel syndrome'?,"{""Compounds"":[""Lidocaine"", ""Gabapentin"", ""Betamethasone""], ""Diseases"":[""complex regional pain syndrome"", ""tendinitis"", ""radial neuropathy"", ""polyneuropathy"", ""tarsal tunnel syndrome"", ""De Quervain disease"", ""motor peripheral neuropathy"", ""epicondylitis"", ""ulnar neuropathy"", ""radiculopathy"", ""critical illness polyneuropathy"", ""median neuropathy"", ""tenosynovitis"", ""nerve compression syndrome"", ""reflex sympathetic dystrophy"", ""pyridoxine deficiency anemia"", ""glycoproteinosis""]}",100
central nervous system cancer,"['Carmustine', ""3,3'-[8-Ethyl-13-(1-hydroxyethyl)-3,7,12,17-tetramethylporphyrin-2,18-diyl]dipropanoic acid"", 'Methotrexate', 'Etoposide', 'Mitolactol', 'Isotretinoin', 'azane;dichloroplatinum', '1,1-Cyclobutanedicarboxylic acid', 'Temozolomide', 'Cyclophosphamide', 'Thiotepa', 'Procarbazine', 'Ifosfamide', 'Etoposide phosphate', 'Leflunomide', 'FILGRASTIM', 'Vincristine', 'Lomustine', 'Prednisone']","['cerebral primitive neuroectodermal tumor', 'intraocular lymphoma', 'cerebellum cancer', 'medulloepithelioma', 'benign ependymoma', 'myeloid sarcoma', 'embryonal cancer', 'cellular ependymoma', 'juvenile pilocytic astrocytoma', 'germ cell and embryonal cancer', 'pilocytic astrocytoma', 'hemangiopericytoma', 'medullomyoblastoma', 'protoplasmic astrocytoma', 'peripheral nervous system neoplasm', 'acute promyelocytic leukemia', 'childhood medulloblastoma', 'gliosarcoma', 'oligodendroglioma', 'malignant astrocytoma', 'hemangioblastoma', 'melanotic medulloblastoma', 'papillary ependymoma', 'childhood oligodendroglioma', 'gemistocytic astrocytoma', 'von Hippel-Lindau disease', 'neurofibromatosis 2', 'adult medulloblastoma', 'mixed oligodendroglioma-astrocytoma', 'retinal cancer', 'gliomatosis cerebri', 'anaplastic astrocytoma', 'astroblastoma', 'infratentorial cancer', 'mantle cell lymphoma', 'ganglioglioma', 'central neurocytoma', 'histiocytic sarcoma', 'spinal cancer', 'subependymal giant cell astrocytoma', 'fibrillary astrocytoma', 'childhood cerebral astrocytoma', 'neurofibromatosis', 'adult oligodendroglioma', 'embryonal tumor with multilayered rosettes, C19MC-altered', 'rhabdoid cancer', 'Burkitt lymphoma', 'myxopapillary ependymoma', 'neuroectodermal tumor', 'germinoma', 'germ cell cancer', 'medulloblastoma']",What compounds treat 'central nervous system cancer' and what diseases resemble 'central nervous system cancer'?,"{""Compounds"": [""1,1-Cyclobutanedicarboxylic acid"", ""Carmustine"", ""Lomustine"", ""azane;dichloroplatinum"", ""Mitolactol"", ""Cyclophosphamide"", ""Thiotepa"", ""Temozolomide"", ""Procarbazine"", ""Leflunomide"", ""Vincristine"", ""FILGRASTIM"", ""Etoposide"", ""Prednisone"", ""3,3'-[8-Ethyl-13-(1-hydroxyethyl)-3,7,12,17-tetramethylporphyrin-2,18-diyl]dipropanoic acid"", ""Methotrexate"", ""Etoposide phosphate"", ""Ifosfamide"", ""Isotretinoin""], ""Diseases"": [""infratentorial cancer"", ""embryonal cancer"", ""spinal cancer"", ""gliomatosis cerebri"", ""childhood cerebral astrocytoma"", ""cerebral primitive neuroectodermal tumor"", ""fibrillary astrocytoma"", ""astroblastoma"", ""neurofibromatosis"", ""protoplasmic astrocytoma"", ""gemistocytic astrocytoma"", ""cerebellum cancer"", ""pilocytic astrocytoma"", ""subependymal giant cell astrocytoma"", ""myeloid sarcoma"", ""ganglioglioma"", ""medulloepithelioma"", ""Burkitt lymphoma"", ""retinal cancer"", ""rhabdoid cancer"", ""melanotic medulloblastoma"", ""juvenile pilocytic astrocytoma"", ""mixed oligodendroglioma-astrocytoma"", ""childhood medulloblastoma"", ""medullomyoblastoma"", ""cellular ependymoma"", ""hemangioblastoma""] }",100
cerebellar ataxia,['Rovatirelin'],"['spontaneous ocular nystagmus', 'mitochondrial metabolism disease', 'hypogonadism', 'thalamic disease', 'ophthalmoplegia', 'dissociated nystagmus', 'primary cerebellar degeneration', 'retinal degeneration', 'partial third-nerve palsy', 'chickenpox', 'ganglioneuroma', 'olivopontocerebellar atrophy', ""Brown's tendon sheath syndrome"", 'ocular motility disease', 'hereditary spastic paraplegia', 'early myoclonic encephalopathy', 'pathologic nystagmus', 'cerebellar disease', 'cerebrotendinous xanthomatosis', 'Machado-Joseph disease', 'congenital disorder of glycosylation', 'progressive supranuclear palsy', 'myoclonic cerebellar dyssynergia', 'ataxia telangiectasia', 'Creutzfeldt-Jakob disease', 'limbic encephalitis', 'siderosis', 'aniridia', 'total third-nerve palsy', 'oculomotor nerve paralysis', 'dystonia', 'Cogan syndrome', 'autosomal dominant cerebellar ataxia', 'optic atrophy', 'mitochondrial encephalomyopathy', 'gangliocytoma', 'cerebral amyloid angiopathy', 'Gerstmann-Straussler-Scheinker syndrome', 'muscular atrophy', 'mutism', 'multiple system atrophy', 'Alexander disease', 'Friedreich ataxia', 'autoimmune disease of the nervous system', 'generalized dystonia', 'hereditary sensory and autonomic neuropathy type 2', 'apraxia', 'pyruvate decarboxylase deficiency', 'hemiplegia', 'retinitis pigmentosa', 'spinocerebellar ataxia type 4', 'Charcot-Marie-Tooth disease', 'internuclear ophthalmoplegia', 'multiple carboxylase deficiency', 'vestibular disease', 'fragile X syndrome', 'myxedema', 'infectious mononucleosis', 'migraine with aura', 'vestibular neuronitis', 'Stiff-Person syndrome', 'hereditary sensory and autonomic neuropathy type 5', 'basal ganglia disease']",What compounds treat 'cerebellar ataxia' and what diseases resemble 'cerebellar ataxia'?,"{""Compounds"":[""Rovatirelin""], ""Diseases"":[""Cayman type cerebellar ataxia"", ""Friedreich ataxia"", ""primary cerebellar degeneration"", ""ataxia telangiectasia"", ""spinocerebellar ataxia type 4"", ""Charcot-Marie-Tooth disease"", ""autosomal dominant cerebellar ataxia"", ""multiple carboxylase deficiency"", ""dystonia"", ""aniridia"", ""siderosis"", ""myoclonic cerebellar dyssynergia"", ""generalized dystonia"", ""apraxia"", ""mitochondrial encephalomyopathy"", ""mitochondrial metabolism disease"", ""limbic encephalitis"", ""oculomotor nerve paralysis"", ""olivopontocerebellar atrophy"", ""multiple system atrophy"", ""cerebral amyloid angiopathy"", ""Stiff-Person syndrome"", ""basal ganglia disease"", ""Machado-Joseph disease"", ""thalamic disease"", ""hemiplegia"", ""Cogan syndrome"", ""ophthalmoplegia"", ""chickenpox"", ""internuclear ophthalmoplegia"", ""Creutzfeldt-Jakob disease"", ""pyruvate decarboxylase deficiency"", ""cerebrotendinous xanthomatosis"", ""gangliocytoma"", ""hereditary sensory and autonomic neuropathy type 2"", ""vestibular neuronitis"", ""retinal degeneration"", ""retinitis pigmentosa"", ""vestibular disease"", ""hereditary sensory and autonomic neuropathy type 5""]}",100
childhood absence epilepsy,"['Lamotrigine', 'Valproic Acid', 'Ethosuximide']","['dentatorubral-pallidoluysian atrophy', 'West syndrome', 'status epilepticus', 'juvenile myoclonic epilepsy', 'epilepsy with generalized tonic-clonic seizures', 'focal epilepsy', 'early myoclonic encephalopathy', 'complex partial epilepsy', 'carbohydrate metabolic disorder', 'progressive myoclonus epilepsy 4', 'idiopathic generalized epilepsy', 'reflex epilepsy', 'benign epilepsy with centrotemporal spikes', 'progressive myoclonus epilepsy', 'frontal lobe epilepsy']",What compounds treat 'childhood absence epilepsy' and what diseases resemble 'childhood absence epilepsy'?,"{""Compounds"":[""Lamotrigine"", ""Valproic Acid"", ""Ethosuximide""], ""Diseases"":[""idiopathic generalized epilepsy"", ""focal epilepsy"", ""carbohydrate metabolic disorder"", ""reflex epilepsy"", ""juvenile myoclonic epilepsy"", ""frontal lobe epilepsy"", ""epilepsy with generalized tonic-clonic seizures"", ""complex partial epilepsy"", ""progressive myoclonus epilepsy"", ""status epilepticus"", ""early myoclonic encephalopathy""]}",100
choroideremia,['TIMREPIGENE EMPARVOVEC'],"['retinoschisis', 'red color blindness', 'gyrate atrophy', 'achromatopsia', 'scotoma', 'red-green color blindness', 'acquired color blindness', 'retinal degeneration', 'night blindness', 'color blindness', 'Leber congenital amaurosis', 'blue color blindness', 'retinal perforation', 'macular holes', 'retinitis pigmentosa', 'fundus dystrophy']",What compounds treat 'choroideremia' and what diseases resemble 'choroideremia'?,"{""Compounds"":[""TIMREPIGENE EMPARVOVEC""], ""Diseases"":[""gyrate atrophy"", ""retinoschisis""]}",100
collagen disease,['Captopril'],"['dermatomyositis', 'Ehlers-Danlos syndrome', 'osteochondrodysplasia', 'multiple epiphyseal dysplasia', 'Wissler-Fanconi syndrome', 'newborn respiratory distress syndrome', 'blood protein disease', 'agammaglobulinemia', 'diffuse scleroderma', 'granulomatosis with polyangiitis', 'leukocyte disease', 'rheumatic fever', 'telangiectasis', 'skin disease', 'connective tissue disease', 'polyarteritis nodosa', 'mixed connective tissue disease', 'purpura', 'localized scleroderma', 'Melnick-Needles syndrome', 'scleroderma', 'Raynaud disease', 'vascular skin disease', 'childhood type dermatomyositis', 'hypersensitivity reaction type III disease', 'aleutian mink disease', 'nephritis', 'myositis', 'scleral disease']",What compounds treat 'collagen disease' and what diseases resemble 'collagen disease'?,"{""Compounds"":[""Captopril""], ""Diseases"":[""leukocyte disease"", ""vascular skin disease"", ""connective tissue disease"", ""polyarteritis nodosa"", ""skin disease"", ""mixed connective tissue disease"", ""disseminated eosinophilic collagen disease""]}",100
congenital afibrinogenemia,"['FIBRINOGEN, HUMAN']","['blood platelet disease', 'purpura', 'hemorrhagic disease', ""von Willebrand's disease"", 'placenta praevia', 'purpura fulminans', 'syndrome', 'protein C deficiency', 'factor VII deficiency', 'disseminated intravascular coagulation', 'factor XIII deficiency', 'Shwartzman phenomenon', 'factor V deficiency']",What compounds treat 'congenital afibrinogenemia' and what diseases resemble 'congenital afibrinogenemia'?,"{""Compounds"":[""FIBRINOGEN, HUMAN""], ""Diseases"":[""syndrome"", ""Shwartzman phenomenon"", ""purpura"", ""protein C deficiency""]}",100
cystinosis,"['DL-Tartaric acid', 'Cysteamine']","['distal myopathy', 'glycoproteinosis', 'tibial muscular dystrophy', 'nephrogenic diabetes insipidus', 'renal osteodystrophy', 'Fanconi syndrome', 'amino acid metabolic disorder', 'Bartter disease', 'Wilson disease', 'rickets', 'renal tubular acidosis', 'cystinuria']",What compounds treat 'cystinosis' and what diseases resemble 'cystinosis'?,"{""Compounds"":[""Cysteamine"", ""DL-Tartaric acid""], ""Diseases"":[""cystinuria"", ""renal osteodystrophy"", ""amino acid metabolic disorder"", ""distal myopathy"", ""Bartter disease"", ""glycoproteinosis"", ""Wilson disease"", ""renal tubular acidosis"", ""nephrogenic diabetes insipidus""]}",100
cystinuria,['Penicillamine'],"['Hartnup disease', 'gyrate atrophy', 'Dent disease', 'Fanconi syndrome', 'alkaptonuria', 'renal tubular transport disease', 'inherited metabolic disorder', 'amino acid metabolic disorder', 'bladder calculus', 'urolithiasis', 'rickets', 'renal tubular acidosis', 'maple syrup urine disease', 'primary hyperoxaluria', 'phenylketonuria', 'homocystinuria', 'cystinosis']",What compounds treat 'cystinuria' and what diseases resemble 'cystinuria'?,"{""Compounds"":[""Penicillamine""], ""Diseases"":[""cystinosis"", ""maple syrup urine disease"", ""urolithiasis"", ""homocystinuria"", ""phenylketonuria"", ""alkaptonuria"", ""bladder calculus"", ""primary hyperoxaluria""]}",100
disorder of sexual development,['Testosterone'],"['WAGR syndrome', 'embryonal cancer', 'familial male-limited precocious puberty', 'adrenal gland disease', 'germ cell and embryonal cancer', 'central precocious puberty', 'osteochondrodysplasia', 'multiple epiphyseal dysplasia', '46,XY sex reversal', 'seminoma', '46 XX gonadal dysgenesis', 'nephroblastoma', 'gonadoblastoma', 'gonadal dysgenesis', 'freemartinism', 'gynecomastia', 'testis seminoma', 'campomelic dysplasia', 'endocrine system disease', 'adrenal cortex disease', 'androgen insensitivity syndrome', 'Turner syndrome', 'adrenal gland hyperfunction', 'dysgerminoma', 'Leydig cell tumor', 'testicular disease', 'hypospadias', 'complete androgen insensitivity syndrome', 'Sertoli cell tumor', 'steroid inherited metabolic disorder', 'Melnick-Needles syndrome', 'Denys-Drash syndrome', 'germ cell cancer', 'hypertrichosis', 'luteoma', 'mixed gonadal dysgenesis', 'infant gynecomastia', 'eunuchism', 'amenorrhea', 'hyperandrogenism', 'Sertoli-Leydig cell tumor']",What compounds treat 'disorder of sexual development' and what diseases resemble 'disorder of sexual development'?,"{""Compounds"":[""Testosterone""], ""Diseases"":[""hypogonadism"", ""endocrine system disease"", ""androgen insensitivity syndrome"", ""freemartinism"", ""Denys-Drash syndrome"", ""adrenal cortex disease"", ""testicular disease"", ""adrenal gland hyperfunction"", ""hermaphroditism"", ""pseudohermaphroditism"", ""Turner syndrome"", ""seminoma"", ""adrenal gland disease"", ""46,XY sex reversal"", ""complete androgen insensitivity syndrome""]}",100
dystonia,['INCOBOTULINUMTOXINA'],"['cerebellar ataxia', 'neuroacanthocytosis', 'striatonigral degeneration', 'Gilles de la Tourette syndrome', 'benign familial neonatal epilepsy', 'thalamic disease', 'fucosidosis', 'iron metabolism disease', 'ocular motility disease', 'olivopontocerebellar atrophy', ""Brown's tendon sheath syndrome"", 'hereditary spastic paraplegia', 'homocystinuria', 'cerebellar disease', 'benign neonatal seizures', 'tic disorder', 'Machado-Joseph disease', 'Leigh disease', 'progressive supranuclear palsy', 'pantothenate kinase-associated neurodegeneration', 'complex regional pain syndrome', 'choreaacanthocytosis', 'basal ganglia disease', 'Lesch-Nyhan syndrome', 'Wilson disease', 'Leber hereditary optic neuropathy', 'autosomal dominant cerebellar ataxia', 'optic atrophy', 'tongue disease', 'central pontine myelinolysis', 'laryngeal disease', 'transient tic disorder', 'multiple system atrophy', 'partial motor epilepsy', 'hemiplegia', 'spinocerebellar ataxia type 4', 'reflex sympathetic dystrophy', 'polymicrogyria', 'internuclear ophthalmoplegia', 'causalgia', 'GM1 gangliosidosis', 'pseudobulbar palsy', 'chronic tic disorder', 'postencephalitic Parkinson disease', 'Meige syndrome', 'secondary Parkinson disease', 'lingual-facial-buccal dyskinesia', 'neuroaxonal dystrophy', 'ataxia telangiectasia']",What compounds treat 'dystonia' and what diseases resemble 'dystonia'?,"{""Compounds"":[""INCOBOTULINUMTOXINA""], ""Diseases"":[""generalized dystonia"", ""striatonigral degeneration"", ""homocystinuria"", ""central pontine myelinolysis"", ""Wilson disease"", ""causalgia"", ""lingual-facial-buccal dyskinesia"", ""neuroacanthocytosis"", ""essential tremor"", ""laryngeal disease"", ""neuroaxonal dystrophy"", ""basal ganglia disease"", ""polymicrogyria"", ""progressive supranuclear palsy"", ""secondary Parkinson disease"", ""multiple system atrophy"", ""fucosidosis"", ""complex regional pain syndrome"", ""postencephalitic Parkinson disease""]}",100
encephalitis,"['GLOBULIN, IMMUNE', 'Valacyclovir']","['Guillain-Barre syndrome', 'COVID-19']",What compounds treat 'encephalitis' and what diseases resemble 'encephalitis'?,"{""Compounds"":[""GLOBULIN, IMMUNE"", ""Valacyclovir""], ""Diseases"":[""postinfectious encephalitis"", ""viral encephalitis"", ""limbic encephalitis"", ""post-vaccinal encephalitis"", ""acute necrotizing encephalitis"", ""syphilitic encephalitis""]}",100
epidermolysis bullosa,['Erythromycin'],"['intestinal atresia', 'pemphigus', 'dermatitis herpetiformis', 'autosomal recessive congenital ichthyosis', 'cicatricial pemphigoid', 'Clouston syndrome', 'photosensitivity disease', 'Stevens-Johnson syndrome', 'laryngostenosis', 'dental enamel hypoplasia', 'Rothmund-Thomson syndrome', 'vesiculobullous skin disease', 'gastric outlet obstruction', 'junctional epidermolysis bullosa', 'amelogenesis imperfecta', 'ichthyosis', 'porphyria', 'acrodermatitis', 'skin disease', 'subcorneal pustular dermatosis', 'nail disease', 'ectodermal dysplasia', 'bullous pemphigoid', 'erythema multiforme', 'epidermolysis bullosa acquisita', 'epidermolysis bullosa simplex', 'pemphigus foliaceus', 'esophageal disease', 'syndactyly', 'pemphigus vulgaris', 'epidermolysis bullosa dystrophica', 'leg dermatosis']",What compounds treat 'epidermolysis bullosa' and what diseases resemble 'epidermolysis bullosa'?,"{""Compounds"":[""Erythromycin""], ""Diseases"":[""junctional epidermolysis bullosa"", ""epidermolysis bullosa acquisita"", ""skin disease"", ""epidermolysis bullosa simplex"", ""dermatitis herpetiformis"", ""leg dermatosis"", ""epidermolysis bullosa dystrophica"", ""photosensitivity disease"", ""pemphigus"", ""esophageal disease""]}",100
epidermolysis bullosa dystrophica,"['BEREMAGENE GEPERPAVEC', 'PRADEMAGENE ZAMIKERACEL', 'DABOCEMAGENE AUTOFICEL']","['syndactyly', 'Rothmund-Thomson syndrome', 'epidermolysis bullosa', 'junctional epidermolysis bullosa', 'ectodermal dysplasia', 'leg dermatosis', 'epidermolysis bullosa acquisita', 'xanthomatosis', 'epidermolysis bullosa simplex', 'hand dermatosis', 'Clouston syndrome']",What compounds treat 'epidermolysis bullosa dystrophica' and what diseases resemble 'epidermolysis bullosa dystrophica'?,"{""Compounds"":[""PRADEMAGENE ZAMIKERACEL"", ""DABOCEMAGENE AUTOFICEL""], ""Diseases"":[""epidermolysis bullosa"", ""junctional epidermolysis bullosa"", ""pretibial dystrophic epidermolysis bullosa"", ""epidermolysis bullosa acquisita"", ""syndactyly"", ""epidermolysis bullosa simplex"", ""leg dermatosis"", ""hand dermatosis""]}",100
facioscapulohumeral muscular dystrophy,['Losmapimod'],"['scapuloperoneal spinal muscular atrophy', 'limb-girdle muscular dystrophy', 'Charcot-Marie-Tooth disease', 'myotonic dystrophy type 1', 'Duchenne muscular dystrophy', 'Coats disease', 'choanal atresia', 'amyotrophic neuralgia', 'Emery-Dreifuss muscular dystrophy', 'spinal muscular atrophy', 'brachial plexus neuritis', 'hereditary sensory and autonomic neuropathy type 2', 'progressive muscular atrophy', 'microphthalmia']",What compounds treat 'facioscapulohumeral muscular dystrophy' and what diseases resemble 'facioscapulohumeral muscular dystrophy'?,"{""Compounds"":[""Losmapimod""], ""Diseases"":[""progressive muscular atrophy"", ""spinal muscular atrophy"", ""Duchenne muscular dystrophy"", ""Emery-Dreifuss muscular dystrophy"", ""Coats disease"", ""limb-girdle muscular dystrophy""]}",100
factor XIII deficiency,['CATRIDECACOG'],"['congenital afibrinogenemia', ""von Willebrand's disease"", 'Henoch-Schoenlein purpura', 'factor VII deficiency', 'factor V deficiency']",What compounds treat 'factor XIII deficiency' and what diseases resemble 'factor XIII deficiency'?,"{""Compounds"": [], ""Diseases"": [""factor VII deficiency"", ""factor V deficiency"", ""hemorrhagic disease"", ""congenital afibrinogenemia""]}",100
familial Mediterranean fever,"['ANAKINRA', 'Colchicine', 'CANAKINUMAB']","['retinal vasculitis', 'pericarditis', 'erysipelas', 'spondyloarthropathy', 'pleurisy', 'hydrarthrosis', ""Behcet's disease"", 'lymphadenitis', 'Henoch-Schoenlein purpura', 'synovitis', 'aphthous stomatitis', 'mevalonic aciduria', 'polyarteritis nodosa', 'familial periodic paralysis', 'pharyngitis', 'Plica syndrome', 'Muckle-Wells syndrome']",What compounds treat 'familial Mediterranean fever' and what diseases resemble 'familial Mediterranean fever'?,"{""Compounds"":[""ANAKINRA"", ""Colchicine"", ""CANAKINUMAB""], ""Diseases"":[""hydrarthrosis"", ""aphthous stomatitis""]}",100
familial adenomatous polyposis,"['soybean oil', 'Aspirin', 'Celecoxib', 'Icosapent', 'Propofol', 'Sulindac', 'Calcitriol', 'Eflornithine']","['Lynch syndrome', 'hereditary breast ovarian cancer syndrome', 'benign ileal neoplasm', 'fibroma', 'medullomyoblastoma', 'childhood medulloblastoma', 'papillary adenocarcinoma', 'melanotic medulloblastoma', 'Li-Fraumeni syndrome', 'adult medulloblastoma', 'Peutz-Jeghers syndrome', 'steatocystoma multiplex', 'common bile duct neoplasm', 'Cowden syndrome', 'duodenal benign neoplasm', 'sex cord-gonadal stromal tumor', 'duodenum cancer', 'Bannayan-Riley-Ruvalcaba syndrome', 'hepatoblastoma', 'jejunal cancer', 'jejunal neoplasm', 'medulloblastoma']",What compounds treat 'familial adenomatous polyposis' and what diseases resemble 'familial adenomatous polyposis'?,"{""Compounds"":[""Icosapent"", ""Aspirin"", ""Propofol"", ""Eflornithine"", ""Sulindac""], ""Diseases"":[""fibroma"", ""steatocystoma multiplex""]}",100
familial hyperlipidemia,"['BOCOCIZUMAB', 'Rosuvastatin', 'ONGERICIMAB', 'Fenofibrate', 'Evacetrapib', 'Nicotinic acid', 'Bempedoic acid', 'Pantethine', 'Pravastatin', 'Pitavastatin', 'EVOLOCUMAB', 'Simvastatin', 'Probucol', 'PELACARSEN', 'Ezetimibe', 'K-877', 'coenzyme A', 'Topiramate', 'Torcetrapib', 'Laropiprant', 'Atorvastatin']","['familial apolipoprotein C-II deficiency', 'familial lipoprotein lipase deficiency', 'familial hypercholesterolemia', 'hyperlipoproteinemia type III', 'hyperinsulinism', 'Tangier disease', 'hypolipoproteinemia', 'hyperlipoproteinemia type IV', 'familial combined hyperlipidemia', 'arcus senilis', 'xanthomatosis']",What compounds treat 'familial hyperlipidemia' and what diseases resemble 'familial hyperlipidemia'?,"{""Compounds"": [""PELACARSEN"", ""Laropiprant"", ""Acipimox"", ""Tyramine"", ""coenzyme A"", ""Bezafibrate"", ""Fenofibric acid"", ""EVOLOCUMAB"", ""Dextrothyroxine"", ""K-877"", ""Pantethine"", ""Fenofibrate"", ""Levothyroxine"", ""Topiramate"", ""Probucol"", ""Ezetimibe"", ""Clofibrate"", ""Evacetrapib"", ""Lovastatin"", ""Pitavastatin"", ""Nicotinic acid"", ""Bempedoic acid"", ""Atorvastatin"", ""Simvastatin"", ""ONGERICIMAB"", ""Rosuvastatin"", ""Torcetrapib"", ""Pravastatin""], ""Diseases"": [""familial combined hyperlipidemia"", ""hypolipoproteinemia"", ""familial hypercholesterolemia"", ""hyperinsulinism"", ""xanthomatosis"", ""hyperlipoproteinemia type IV"", ""Tangier disease"", ""hyperlipoproteinemia type III"", ""familial lipoprotein lipase deficiency"", ""arcus senilis"", ""familial apolipoprotein C-II deficiency""]}",100
familial male-limited precocious puberty,"['Histrelin', 'Leuprorelin', 'Triptorelin']","['embryonal cancer', 'adrenal gland disease', 'hypogonadism', 'Froelich syndrome', 'McCune Albright syndrome', 'germ cell and embryonal cancer', 'hypopituitarism', 'neurofibromatosis 1', 'congenital hypothyroidism', 'primary hyperaldosteronism', 'hypothalamic disease', 'gonadoblastoma', 'myelomeningocele', 'Sheehan syndrome', 'papillary craniopharyngioma', 'osteitis fibrosa', 'gynecomastia', 'adrenal cortex cancer', 'Klinefelter syndrome', 'ovarian disease', 'hypothalamic neoplasm', 'endocrine system disease', 'adrenal cortex disease', 'Prader-Willi syndrome', 'empty sella syndrome', 'Turner syndrome', 'dysgerminoma', 'Leydig cell tumor', 'adrenal gland hyperfunction', 'sex cord-gonadal stromal tumor', 'bone inflammation disease', 'granulosa cell tumor', 'Sertoli cell tumor', 'pineal gland cancer', 'hyperprolactinemia', 'cerebral ventricle cancer', 'hypertrichosis', 'germ cell cancer', 'luteoma', 'adrenal rest tumor', 'disorder of sexual development', 'hermaphroditism', 'pineoblastoma', 'Sertoli-Leydig cell tumor', 'Williams-Beuren syndrome', 'pseudohermaphroditism', 'adamantinous craniopharyngioma', 'infant gynecomastia', 'germinoma', 'amenorrhea', 'hyperandrogenism', 'craniopharyngioma']",What compounds treat 'familial male-limited precocious puberty' and what diseases resemble 'familial male-limited precocious puberty'?,"{""Compounds"":[""Triptorelin"", ""Histrelin"", ""Leuprorelin""], ""Diseases"":[""central precocious puberty"", ""endocrine system disease"", ""hyperandrogenism"", ""disorder of sexual development"", ""hypothalamic disease"", ""hypogonadism"", ""hypopituitarism"", ""adrenal cortex disease"", ""pseudohermaphroditism"", ""gynecomastia"", ""hyperprolactinemia"", ""amenorrhea"", ""infant gynecomastia"", ""adrenal gland hyperfunction"", ""adrenal gland disease"", ""hermaphroditism"", ""bone inflammation disease"", ""ovarian disease"", ""germ cell and embryonal cancer"", ""hypertrichosis"", ""hypothalamic neoplasm"", ""osteitis fibrosa"", ""embryonal cancer"", ""Turner syndrome"", ""germinoma"", ""gonadoblastoma"", ""primary hyperaldosteronism"", ""Froelich syndrome"", ""Klinefelter syndrome"", ""craniopharyngioma"", ""germ cell cancer"", ""adamantinous craniopharyngioma"", ""Prader-Willi syndrome"", ""adrenal cortex cancer"", ""luteoma""]}",100
fatty liver disease,"['Saroglitazar', 'Rimonabant', 'Metformin', 'Dapagliflozin', 'Pioglitazone', 'Alpha-Tocopherol']","['drug-induced hepatitis', 'hemolytic anemia', 'alcoholic liver cirrhosis']",What compounds treat 'fatty liver disease' and what diseases resemble 'fatty liver disease'?,"{""Compounds"":[""Metformin"", ""Rimonabant"", ""Alpha-Tocopherol"", ""Dapagliflozin"", ""Pioglitazone"", ""Saroglitazar""], ""Diseases"":[""drug-induced hepatitis"", ""alcoholic liver cirrhosis""]}",100
fibrodysplasia ossificans progressiva,"['GARETOSMAB', 'Palovarotene']","['synostosis', 'myositis', 'tetanus', 'ankylosis', 'brain stem cancer', 'McCune Albright syndrome', 'skin disease', 'muscle benign neoplasm', 'periostitis', 'pseudopseudohypoparathyroidism', 'exostosis', 'muscle cancer']",What compounds treat 'fibrodysplasia ossificans progressiva' and what diseases resemble 'fibrodysplasia ossificans progressiva'?,"{""Compounds"":[""Palovarotene"", ""GARETOSMAB""], ""Diseases"":[""skin disease"", ""ankylosis"", ""myositis ossificans"", ""pseudopseudohypoparathyroidism"", ""exostosis"", ""periostitis"", ""myositis"", ""muscle cancer"", ""McCune Albright syndrome"", ""muscle benign neoplasm"", ""tetanus"", ""brain stem cancer""]}",100
fibrosarcoma,"['Ifosfamide', 'Doxorubicin']","['malignant fibrous histiocytoma', 'retroperitoneal cancer', 'myofibroma', 'fibroma', 'myoblastoma', 'mast-cell sarcoma', 'peripheral nervous system neoplasm', 'pharynx cancer', 'Pancoast tumor', 'penile benign neoplasm', 'cutaneous fibrous histiocytoma', 'orbital cancer', 'paranasal sinus benign neoplasm', 'malignant peripheral nerve sheath tumor', 'skull cancer', 'mandibular cancer', 'benign giant cell tumor', 'paranasal sinus cancer', 'neurofibroma', 'chondrosarcoma', 'fibrous histiocytoma', 'muscle cancer', 'pleural cancer', 'neurofibrosarcoma', 'peripheral nerve sheath neoplasm', 'chromophobe adenoma', 'maxillary cancer', 'penile cancer', 'benign fibrous mesothelioma', 'thoracic cancer', 'myxosarcoma', 'male reproductive organ cancer', 'myxoid liposarcoma', 'maxillary sinus benign neoplasm', 'congenital mesoblastic nephroma', 'perineurioma', 'muscle benign neoplasm', 'connective tissue cancer', 'femoral cancer', 'fasciitis']",What compounds treat 'fibrosarcoma' and what diseases resemble 'fibrosarcoma'?,"{""Compounds"":[""Ifosfamide"", ""Doxorubicin""], ""Diseases"":[""neurofibrosarcoma"", ""chondrosarcoma"", ""dermatofibrosarcoma protuberans"", ""fasciitis"", ""fibroma"", ""thoracic cancer"", ""fibrous histiocytoma"", ""pleural cancer"", ""orbital cancer"", ""neurofibroma"", ""femoral cancer"", ""muscle cancer"", ""liposarcoma"", ""connective tissue cancer"", ""cutaneous fibrous histiocytoma"", ""myofibroma"", ""Pancoast tumor"", ""myxosarcoma"", ""synovial sarcoma"", ""epithelioid leiomyosarcoma""]}",100
focal epilepsy,"['Gabapentin', 'Oxcarbazepine', 'Lacosamide', 'Carbamazepine', 'Pregabalin', 'Lamotrigine', 'Levetiracetam', 'Cenobamate', 'Topiramate', 'Eslicarbazepine acetate']","['Landau-Kleffner syndrome', 'status epilepticus', 'benign familial neonatal epilepsy', 'Froelich syndrome', 'early myoclonic encephalopathy', 'complex partial epilepsy', 'benign neonatal seizures', 'West syndrome', 'absence epilepsy', 'tuberous sclerosis', 'hypothalamic disease', 'gliomatosis cerebri', 'frontal lobe epilepsy', 'astroblastoma', 'hypothalamic neoplasm', 'ganglioglioma', 'juvenile myoclonic epilepsy', 'childhood absence epilepsy', 'partial motor epilepsy', 'hemiplegia', 'Lennox-Gastaut syndrome', 'epilepsy with generalized tonic-clonic seizures', 'facial hemiatrophy', 'language disorder', 'reflex epilepsy', 'benign epilepsy with centrotemporal spikes', 'idiopathic generalized epilepsy']",What compounds treat 'focal epilepsy' and what diseases resemble 'focal epilepsy'?,"{""Compounds"":[""Lamotrigine"", ""Phenytoin"", ""Primidone"", ""Topiramate"", ""Mephenytoin"", ""Oxcarbazepine"", ""Carbamazepine"", ""Pregabalin"", ""Lacosamide"", ""Levetiracetam"", ""Cenobamate"", ""Eslicarbazepine acetate"", ""Gabapentin""], ""Diseases"":[""frontal lobe epilepsy"", ""reflex epilepsy"", ""partial motor epilepsy"", ""idiopathic generalized epilepsy"", ""epilepsy with generalized tonic-clonic seizures"", ""complex partial epilepsy"", ""status epilepticus"", ""juvenile myoclonic epilepsy"", ""astroblastoma"", ""gliomatosis cerebri"", ""Froelich syndrome"", ""hypothalamic neoplasm"", ""language disorder"", ""benign epilepsy with centrotemporal spikes"", ""early myoclonic encephalopathy"", ""hypothalamic disease""]}",100
galactosemia,"['2-(4-Oxo-3-((5-(trifluoromethyl)benzo[d]thiazol-2-yl)methyl)-3,4-dihydrothieno[3,4-d]pyridazin-1-yl)acetic acid']","['ovarian disease', 'primary ovarian insufficiency', 'phenylketonuria', 'Fanconi syndrome', 'glycogen storage disease', 'hypogonadism', 'alkaptonuria', 'hereditary fructose intolerance syndrome', 'inherited metabolic disorder', 'amino acid metabolic disorder', 'Wilson disease', 'maple syrup urine disease', 'neonatal jaundice', 'congenital hypothyroidism', 'carbohydrate metabolic disorder', 'biotinidase deficiency', 'glucosephosphate dehydrogenase deficiency', 'kernicterus']",What compounds treat 'galactosemia' and what diseases resemble 'galactosemia'?,"{""Compounds"":[""2-(4-Oxo-3-((5-(trifluoromethyl)benzo[d]thiazol-2-yl)methyl)-3,4-dihydrothieno[3,4-d]pyridazin-1-yl)acetic acid""], ""Diseases"":[""classic galactosemia"", ""galactose epimerase deficiency"", ""galactokinase deficiency"", ""carbohydrate metabolic disorder"", ""kernicterus"", ""hypogonadism"", ""biotinidase deficiency"", ""ovarian disease"", ""alkaptonuria"", ""inherited metabolic disorder"", ""glycogen storage disease""]}",100
gastrointestinal stromal tumor,"['Famitinib', 'Imatinib', 'Ripretinib', 'Nilotinib', 'Masitinib', 'Sunitinib', 'Retaspimycin', 'BEVACIZUMAB', '(3-Carboxy-2-(R)-hydroxy-propyl)-trimethyl-ammonium', 'Regorafenib', 'Avapritinib']","['retroperitoneal cancer', 'cecum cancer', 'leiomyosarcoma', 'chondroma', 'benign ileal neoplasm', 'neurofibromatosis 1', 'appendiceal neoplasm', 'appendix cancer', ""Meckel's diverticulum"", 'Carney complex', 'cecal benign neoplasm', 'duodenal benign neoplasm', 'epithelioid leiomyosarcoma', 'myxoid leiomyosarcoma', 'duodenum cancer', 'sigmoid colon cancer', 'mesenchymoma', 'intussusception', 'paraganglioma', 'jejunal cancer', 'jejunal neoplasm', 'somatostatinoma', 'sigmoid neoplasm']",What compounds treat 'gastrointestinal stromal tumor' and what diseases resemble 'gastrointestinal stromal tumor'?,"{""Compounds"":[""Ripretinib"", ""(3-Carboxy-2-(R)-hydroxy-propyl)-trimethyl-ammonium"", ""Regorafenib"", ""Famitinib"", ""Sunitinib"", ""Masitinib"", ""Avapritinib"", ""Imatinib"", ""Nilotinib"", ""BEVACIZUMAB"", ""Retaspimycin""], ""Diseases"":[""Meckel's diverticulum"", ""chondroma""]}",100
gastrointestinal system disease,"['Dexmedetomidine', 'Oxyphencyclimine', 'Otilonium', 'Pipenzolate', 'Propantheline', 'Hyoscyamine', 'Methylhomatropine', 'Trimebutine', 'Glycopyrronium bromide', 'Clidinium', 'BELLADONNA', 'Methantheline', 'Isometheptene', 'Isopropamide', 'Metoclopramide', 'Alverine', 'Azithromycin', 'Dicyclomine', 'Butylscopolamine', 'Mosapride', 'Ciprofloxacin', 'Cimetropium', 'Propulsid', 'Oxyphenonium', 'Mepenzolate', 'Fibrin', 'Piperidolate', 'CHOLERA VACCINE', '[1-(Dimethylamino)-2-methylpropan-2-yl] 2-hydroxy-2,2-diphenylacetate', 'Cinitapride', 'Phloroglucinol', 'Tiropramide', 'Drotaverine', 'Hexocyclium', 'Itopride', 'Papaverine', 'Mebeverine', 'Clebopride', 'Domperidone', 'Alizapride', 'Methylatropine', 'Methscopolamine', 'Atropine', 'Foscarnet', 'ZINC ion', 'Tridihexethyl', 'Fenoverine', 'Bromopride', 'Alosetron', 'Poldine', 'Pinaverium', 'Esomeprazole', 'Diphemanil', 'Imipramine']","['splenic disease', 'gastrointestinal system cancer']",What compounds treat 'gastrointestinal system disease' and what diseases resemble 'gastrointestinal system disease'?,"{""Compounds"": [""Mepenzolate"", ""Piperidolate"", ""Bromopride"", ""Isopropamide"", ""Tiropramide"", ""Foscarnet"", ""Otilonium"", ""Alizapride"", ""Pinaverium"", ""Pipenzolate"", ""Dicyclomine"", ""Clidinium"", ""Diphemanil"", ""Alverine"", ""Oxyphenonium"", ""Mosapride"", ""Trimebutine"", ""Butylscopolamine"", ""Alosetron"", ""Imipramine"", ""Papaverine"", ""[1-(Dimethylamino)-2-methylpropan-2-yl] 2-hydroxy-2,2-diphenylacetate"", ""Propulsid"", ""Methylatropine"", ""Methantheline"", ""Hyoscyamine"", ""Itopride"", ""Clebopride"", ""Poldine"", ""Atropine"", ""Hexocyclium"", ""Isometheptene"", ""Metoclopramide"", ""Methscopolamine"", ""Propantheline"", ""Cinitapride"", ""BELLADONNA"", ""Tridihexethyl"", ""Mebeverine"", ""Drotaverine"", ""Glycopyrronium bromide"", ""Methylhomatropine"", ""Fenoverine"", ""Cimetropium"", ""Phloroglucinol"", ""Domperidone"", ""Esomeprazole"", ""ZINC ion"", ""Oxyphencyclimine"", ""Fibrin"", ""Dexmedetomidine"", ""Ciprofloxacin""], ""Diseases"": [""gastrointestinal system cancer""]}",100
generalized dystonia,['INCOBOTULINUMTOXINA'],"['cerebellar ataxia', 'striatonigral degeneration', 'ocular motility disease', ""Brown's tendon sheath syndrome"", 'cerebellar disease', 'tic disorder', 'Machado-Joseph disease', 'Leigh disease', 'pantothenate kinase-associated neurodegeneration', 'complex regional pain syndrome', 'Silver-Russell syndrome', 'autosomal dominant cerebellar ataxia', 'optic atrophy', 'transient tic disorder', 'spinocerebellar ataxia type 4', 'internuclear ophthalmoplegia', 'polymicrogyria', 'chronic tic disorder', 'Meige syndrome', 'lingual-facial-buccal dyskinesia', 'basal ganglia disease']",What compounds treat 'generalized dystonia' and what diseases resemble 'generalized dystonia'?,"{""Compounds"":[], ""Diseases"":[""dystonia"", ""polymicrogyria"", ""striatonigral degeneration"", ""complex regional pain syndrome"", ""tic disorder"", ""essential tremor"", ""Leigh disease"", ""Machado-Joseph disease"", ""chronic tic disorder"", ""basal ganglia disease"", ""lingual-facial-buccal dyskinesia"", ""cerebellar disease"", ""blepharospasm"", ""transient tic disorder""]}",100
glycogen storage disease,"['Miglustat', 'CIPAGLUCOSIDASE ALFA', 'ALGLUCOSIDASE ALFA']","['glycogen storage disease VI', 'myoglobinuria', 'lipid storage disease', 'lysosomal storage disease', 'endocardial fibroelastosis', 'glycogen storage disease V', 'pupil disease', 'Lafora disease', 'galactosemia', 'glycogen storage disease VIII', 'glycogen storage disease Ia', 'inherited metabolic disorder', 'glycogen storage disease III', 'iris disease', 'galactose epimerase deficiency', 'neuromuscular disease', 'Fanconi syndrome', 'mucopolysaccharidosis', 'glycogen storage disease VII', 'glucosephosphate dehydrogenase deficiency', 'lipid metabolism disorder', 'Tay-Sachs disease', 'carbohydrate metabolic disorder', 'glycogen storage disease IV', 'galactokinase deficiency', 'classic galactosemia', 'mitochondrial myopathy']",What compounds treat 'glycogen storage disease' and what diseases resemble 'glycogen storage disease'?,"{""Compounds"":[], ""Diseases"":[""glycogen storage disease II"", ""glycogen storage disease III"", ""glycogen storage disease VI"", ""glycogen storage disease Ia"", ""glycogen storage disease IV"", ""glycogen storage disease VII"", ""glycogen storage disease V"", ""glycogen storage disease VIII"", ""glycogen storage disease I"", ""carbohydrate metabolic disorder"", ""lysosomal storage disease"", ""lipid storage disease"", ""Lafora disease""]}",100
head and neck cancer,"['Afatinib', 'Celecoxib', 'Uracil', 'Oxonic Acid', 'Vinflunine', 'Erlotinib', 'PEMBROLIZUMAB', 'Tirapazamine', 'Methotrexate', 'CETUXIMAB', 'NIMOTUZUMAB', 'Pilocarpine', 'EPOETIN ALFA', ""ST. JOHN'S WORT"", 'Tegafur', 'IPILIMUMAB', 'Linrodostat', 'Gimeracil', 'Fluorouracil', 'azane;dichloroplatinum', 'ZALUTUMUMAB', 'Amifostine', 'Gabapentin', 'Isotretinoin', '1,1-Cyclobutanedicarboxylic acid', 'PALIFERMIN', 'ALDESLEUKIN', 'Lapatinib', 'Xevinapant', 'INTERFERON ALFA', 'Tranexamic acid', 'Paclitaxel', 'Bleomycin a2', 'NIVOLUMAB', 'Gefitinib', 'mitomycin C', 'Pemetrexed', 'Buparlisib', 'PANITUMUMAB', 'Alpha-Tocopherol', 'THYROTROPIN', 'FILGRASTIM', 'Porfiromycin', 'Vincristine', 'Epacadostat', 'Leucovorin', 'Docetaxel', 'Capsaicin']","['nasal cavity squamous cell carcinoma', 'squamous cell carcinoma', 'head and neck squamous cell carcinoma', 'Human papillomavirus infectious disease', 'hemangioma', 'histiocytoid hemangioma', 'laryngeal squamous cell carcinoma', 'intramuscular hemangioma', 'chorioangioma']",What compounds treat 'head and neck cancer' and what diseases resemble 'head and neck cancer'?,"{""Compounds"":[""Capsaicin"", ""1,1-Cyclobutanedicarboxylic acid"", ""CETUXIMAB"", ""Fluorouracil"", ""Celecoxib"", ""Docetaxel"", ""ALDESLEUKIN"", ""PALIFERMIN"", ""Amifostine"", ""Oxonic Acid"", ""Uracil"", ""azane;dichloroplatinum"", ""Xevinapant"", ""Alpha-Tocopherol"", ""ZALUTUMUMAB"", ""Leucovorin"", ""Porfiromycin"", ""Vincristine"", ""Vinflunine"", ""Methotrexate"", ""FILGRASTIM"", ""THYROTROPIN"", ""Tegafur"", ""Afatinib"", ""Lapatinib"", ""Epacadostat"", ""mitomycin C"", ""IPILIMUMAB"", ""Gimeracil"", ""Erlotinib"", ""Paclitaxel"", ""Gabapentin"", ""PANITUMUMAB"", ""NIMOTUZUMAB"", ""Tirapazamine"", ""Pilocarpine"", ""PEMBROLIZUMAB"", ""Buparlisib"", ""Bleomycin a2"", ""Gefitinib"", ""Tranexamic acid"", ""Linrodostat"", ""NIVOLUMAB"", ""EPOETIN ALFA"", ""Pemetrexed"", ""INTERFERON ALFA"", ""Isotretinoin"", ""JOHN'S WORT""], ""Diseases"":[""head and neck squamous cell carcinoma"", ""squamous cell carcinoma"", ""laryngeal squamous cell carcinoma"", ""nasal cavity squamous cell carcinoma"", ""hemangioma"", ""chorioangioma""]}",100
head and neck squamous cell carcinoma,"['azane;dichloroplatinum', 'Indomethacin', 'Cyclophosphamide', 'CETUXIMAB', 'Melatonin', 'ZINC ion']","['esophagus squamous cell carcinoma', 'paranasal sinus benign neoplasm', 'head and neck cancer', 'hypopharynx cancer', 'paranasal sinus cancer', 'inverted papilloma', 'pharynx cancer', 'tonsil cancer', 'oral submucous fibrosis', 'tongue cancer', 'lip cancer']",What compounds treat 'head and neck squamous cell carcinoma' and what diseases resemble 'head and neck squamous cell carcinoma'?,"{""Compounds"":[""Indomethacin"", ""Cyclophosphamide"", ""CETUXIMAB"", ""azane;dichloroplatinum"", ""ZINC ion"", ""Melatonin""], ""Diseases"":[""lip cancer"", ""tonsil cancer"", ""hypopharynx cancer"", ""oral submucous fibrosis"", ""tongue cancer"", ""pharynx cancer"", ""nasal cavity squamous cell carcinoma""]}",100
hemangioblastoma,['Belzutifan'],"['cerebellum cancer', 'benign ependymoma', 'syringomyelia', 'central nervous system cancer', 'cellular ependymoma', 'juvenile pilocytic astrocytoma', 'pilocytic astrocytoma', 'medullomyoblastoma', 'protoplasmic astrocytoma', 'peripheral nervous system neoplasm', 'childhood medulloblastoma', 'medulloblastoma', 'auditory system cancer', 'malignant astrocytoma', 'melanotic medulloblastoma', 'papillary ependymoma', 'adult medulloblastoma', 'gemistocytic astrocytoma', 'retinal cancer', 'optic nerve neoplasm', 'cranial nerve malignant neoplasm', 'ear cancer', 'infratentorial cancer', 'hypothalamic neoplasm', 'anaplastic astrocytoma', 'brain stem cancer', 'mutism', 'spinal cancer', 'subependymal giant cell astrocytoma', 'skull base cancer', 'childhood cerebral astrocytoma', 'pineal gland cancer', 'fibrillary astrocytoma', 'cerebral ventricle cancer', 'polycythemia', 'myxopapillary ependymoma', 'pineoblastoma', 'supratentorial cancer', 'capillary hemangioma', 'angiosarcoma']",What compounds treat 'hemangioblastoma' and what diseases resemble 'hemangioblastoma'?,"{""Compounds"":[""Belzutifan""], ""Diseases"":[""hemangioma"", ""polycythemia"", ""spinal cancer"", ""supratentorial cancer"", ""infratentorial cancer"", ""fibrillary astrocytoma"", ""gemistocytic astrocytoma"", ""childhood cerebral astrocytoma"", ""protoplasmic astrocytoma"", ""capillary hemangioma""]}",100
hemochromatosis,"['Deferiprone', 'Hydroxyurea', 'Deferoxamine']","['congenital dyserythropoietic anemia type Ib', 'hypogonadism', 'iron metabolism disease', 'porphyria cutanea tarda', 'congenital dyserythropoietic anemia', 'hypochromic anemia', 'hemosiderosis', 'siderosis', 'hereditary spherocytosis', 'macrocytic anemia', 'Wilson disease', 'megaloblastic anemia', 'sideroblastic anemia', 'endocrine system disease', 'alcoholic liver cirrhosis', 'porphyria', 'congenital dyserythropoietic anemia type II', 'congenital dyserythropoietic anemia type III', 'alpha 1-antitrypsin deficiency', 'chondrocalcinosis', 'metal metabolism disorder', 'polycythemia', 'hemolytic anemia']",What compounds treat 'hemochromatosis' and what diseases resemble 'hemochromatosis'?,"{""Compounds"":[""Deferoxamine"", ""Hydroxyurea"", ""Deferiprone""], ""Diseases"":[""hemolytic anemia"", ""macrocytic anemia"", ""sideroblastic anemia"", ""hypochromic anemia"", ""metal metabolism disorder"", ""endocrine system disease"", ""polycythemia"", ""Wilson disease"", ""hemosiderosis"", ""porphyria cutanea tarda""]}",100
hemolytic anemia,"['Dexamethasone phosphate', 'Cortisone acetate', 'Dexamethasone', 'Prednisolone', 'Prednisone']","['leukopenia', 'atypical hemolytic-uremic syndrome', 'hereditary elliptocytosis', 'methemoglobinemia', 'sulfhemoglobinemia', 'spleen cancer', 'thrombotic thrombocytopenic purpura', 'pancytopenia', 'bilirubin metabolic disorder', 'iron metabolism disease', 'myelophthisic anemia', 'thalassemia', 'blood platelet disease', 'hypochromic anemia', 'hemosiderosis', 'obstructive jaundice', 'congenital hemolytic anemia', 'hereditary spherocytosis', 'syndrome', 'macrocytic anemia', 'Mycoplasma pneumoniae pneumonia', 'Wilson disease', 'megaloblastic anemia', 'hemolytic-uremic syndrome', 'neonatal jaundice', 'fatty liver disease', 'sideroblastic anemia', 'beta thalassemia', 'bartonellosis', 'pure red-cell aplasia', 'hemorrhagic disease', 'blackwater fever', 'alcoholic liver cirrhosis', 'porphyria', 'vitamin B12 deficiency', 'fetal erythroblastosis', 'bone marrow disease', 'Gilbert syndrome', 'disseminated intravascular coagulation', 'hemochromatosis', 'myelofibrosis', 'glucosephosphate dehydrogenase deficiency', 'cutaneous porphyria', 'neonatal anemia', 'hypersplenism', 'malignant hypertension', 'purpura', 'abetalipoproteinemia', 'hemoglobinopathy', 'infectious mononucleosis', 'congenital nonspherocytic hemolytic anemia', 'hemoglobin C disease', 'favism', 'agranulocytosis', 'polycythemia', 'pernicious anemia', 'Dubin-Johnson syndrome', 'hemoglobinuria', 'paroxysmal nocturnal hemoglobinuria', 'kernicterus']",What compounds treat 'hemolytic anemia' and what diseases resemble 'hemolytic anemia'?,"{""Compounds"":[""Prednisolone"", ""Prednisone"", ""Dexamethasone phosphate"", ""Dexamethasone"", ""Cortisone acetate""], ""Diseases"":[""sideroblastic anemia"", ""congenital hemolytic anemia"", ""autoimmune hemolytic anemia"", ""myelophthisic anemia"", ""hemoglobinopathy"", ""pernicious anemia"", ""hemoglobinuria"", ""congenital nonspherocytic hemolytic anemia"", ""hypersplenism"", ""macrocytic anemia"", ""neonatal anemia"", ""polycythemia"", ""leukopenia"", ""Wilson disease"", ""hemosiderosis"", ""favism"", ""hemochromatosis"", ""sulfhemoglobinemia"", ""hypochromic anemia"", ""infectious mononucleosis"", ""hemorrhagic disease"", ""bone marrow disease"", ""methemoglobinemia"", ""hemoglobin C disease"", ""megaloblastic anemia"", ""hemolytic-uremic syndrome"", ""autoimmune thrombocytopenic purpura"", ""syndrome"", ""fatty liver disease"", ""blood platelet disease"", ""spleen cancer"", ""thalassemia"", ""vitamin B12 deficiency"", ""agranulocytosis"", ""myelofibrosis"", ""bilirubin metabolic disorder"", ""obstructive jaundice"", ""pancytopenia""]}",100
